Order_ID,Order_Date,Customer_ID,Customer_Name,Category,Sub_Category,Product,Region,City,Quantity,Unit_Price,Discount,Sales,Cost,Profit
O1001,2025-08-03,C075,Ravi,Office Supplies,Printer Paper,A4 Paper,West,Ahmedabad,8,44832,0.2,286924.8,175714.89,111209.91
O1002,2025-07-11,C060,Kiran,Technology,Keyboard,HP Keyboard,East,Patna,6,869,0.15,4431.9,4101.37,330.53
O1003,2025-07-07,C080,Arjun,Technology,Keyboard,HP Keyboard,North,Delhi,9,41534,0.1,336425.4,238843.32,97582.08
O1004,2025-10-01,C004,Anjali,Office Supplies,Printer Paper,Premium Paper,South,Bangalore,5,3990,0.2,15960.0,11653.99,4306.01
O1005,2025-09-21,C047,Arjun,Furniture,Table,Computer Table,South,Chennai,5,56293,0.15,239245.25,154650.57,84594.68
O1006,2025-07-10,C018,Vikram,Furniture,Chair,Executive Chair,North,Jaipur,6,43673,0.05,248936.1,193443.3,55492.8
O1007,2025-10-23,C085,Priya,Furniture,Table,Computer Table,East,Bhubaneswar,8,40497,0.15,275379.6,156440.65,118938.95
O1008,2025-11-23,C009,Ravi,Office Supplies,Notebook,Spiral Notebook,North,Delhi,9,38144,0.2,274636.8,159239.98,115396.82
O1009,2025-09-18,C041,Neha,Technology,Keyboard,HP Keyboard,East,Patna,3,39604,0.1,106930.8,92609.58,14321.22
O1010,2025-12-26,C086,Arjun,Technology,Keyboard,HP Keyboard,North,Delhi,7,35322,0.2,197803.2,166519.13,31284.07
O1011,2025-09-12,C014,Neha,Technology,Monitor,Dell Monitor,West,Pune,3,53092,0.2,127420.8,98688.8,28732.0
O1012,2025-04-06,C004,Kiran,Office Supplies,Notebook,Classmate Notebook,West,Pune,3,48802,0.0,146406.0,98932.74,47473.26
O1013,2025-10-11,C066,,Office Supplies,File,Office File,West,Ahmedabad,4,55920,0.1,201312.0,166669.02,34642.98
O1014,2025-12-14,C089,Neha,Technology,Mobile,Samsung Mobile,South,Chennai,4,49025,0.1,176490.0,119966.96,56523.04
O1015,2025-12-25,C070,Ravi,Furniture,Chair,Office Chair,South,Bangalore,9,27351,0.2,196927.2,176110.47,20816.73
O1016,2025-11-11,C032,Ravi,Office Supplies,Notebook,Spiral Notebook,South,Hyderabad,3,13645,0.15,34794.75,22534.83,12259.92
O1017,2025-04-11,C056,Rahul,Technology,Keyboard,Logitech Keyboard,North,Delhi,4,17775,0.05,67545.0,56393.88,11151.12
O1018,2025-05-06,C002,Kiran,Office Supplies,Notebook,Spiral Notebook,North,Jaipur,7,24648,0.0,172536.0,138674.18,33861.82
O1019,2025-09-12,C038,Ravi,Furniture,Cabinet,Storage Cabinet,East,Patna,4,52762,0.1,189943.2,132554.1,57389.1
O1020,2025-12-15,C003,Sneha,Technology,Keyboard,HP Keyboard,North,Jaipur,1,27948,0.15,23755.8,17894.76,5861.04
O1021,2025-05-08,C039,Priya,Office Supplies,Printer Paper,A4 Paper,North,Lucknow,3,11511,0.15,29353.05,27187.07,2165.98
O1022,2025-09-09,C016,Vikram,Technology,Monitor,Dell Monitor,South,Chennai,7,22018,0.05,146419.7,95637.93,50781.77
O1023,2025-06-09,C009,Anjali,Technology,Keyboard,HP Keyboard,South,Chennai,1,38291,0.15,32547.35,25169.43,7377.92
O1024,2025-03-16,C072,Sneha,Office Supplies,File,Document File,East,Patna,4,6395,0.0,25580.0,20638.27,4941.73
O1025,2025-12-04,C066,Amit,Furniture,Cabinet,Storage Cabinet,North,Lucknow,9,16582,0.0,149238.0,82383.05,66854.95
O1026,2025-05-15,C067,Rahul,Office Supplies,Printer Paper,A4 Paper,South,Hyderabad,4,23428,0.2,74969.6,46595.79,28373.81
O1027,2025-09-21,C027,Priya,Technology,Keyboard,HP Keyboard,West,Ahmedabad,6,19930,0.2,95664.0,71240.68,24423.32
O1028,2025-05-27,C004,Arjun,Technology,Mobile,Samsung Mobile,East,Patna,1,29224,0.15,24840.4,20840.62,3999.78
O1029,2025-02-06,C024,Rahul,Technology,Keyboard,Logitech Keyboard,East,Bhubaneswar,5,43625,0.1,196312.5,166686.49,29626.01
O1030,2025-06-10,C067,Priya,Furniture,Chair,Office Chair,West,Mumbai,4,290,0.2,928.0,653.35,274.65
O1031,2025-12-08,C023,Priya,Technology,Mobile,Apple iPhone,North,Jaipur,3,34763,0.05,99074.55,78863.63,20210.92
O1032,2025-09-03,C048,Neha,Office Supplies,File,Document File,North,Jaipur,1,27851,0.0,27851.0,16840.07,11010.93
O1033,2025-11-09,C036,Sneha,Technology,Mobile,Apple iPhone,North,Lucknow,2,29692,0.2,47507.2,27679.48,19827.72
O1034,2025-10-15,C087,Amit,Technology,Keyboard,HP Keyboard,North,Jaipur,3,55866,0.15,142458.3,111337.71,31120.59
O1035,2025-06-29,C042,Amit,Office Supplies,Notebook,Spiral Notebook,West,Pune,6,55709,0.05,317541.3,178521.75,139019.55
O1036,2025-04-18,C005,Neha,Office Supplies,Pen,Parker Pen,East,Kolkata,1,14699,0.2,11759.2,7744.81,4014.39
O1037,2025-05-04,C030,Arjun,Furniture,Chair,Executive Chair,East,Bhubaneswar,3,39834,0.15,101576.7,61260.72,40315.98
O1038,2025-11-14,C023,Anjali,Technology,Keyboard,Logitech Keyboard,West,Pune,7,26045,0.2,145852.0,90972.77,54879.23
O1039,2025-09-29,C061,Neha,Technology,Laptop,HP Laptop,North,Delhi,2,46275,0.0,92550.0,75343.01,17206.99
O1040,2025-03-27,C057,Kiran,Office Supplies,Notebook,Spiral Notebook,South,Bangalore,3,19631,0.05,55948.35,38738.03,17210.32
O1041,2025-12-07,C039,Sneha,Office Supplies,Notebook,Spiral Notebook,North,Jaipur,4,29224,0.15,99361.6,55330.94,44030.66
O1042,2025-08-11,C010,Vikram,Technology,Mobile,OnePlus Mobile,South,Bangalore,6,32680,0.15,166668.0,94687.69,71980.31
O1043,2025-06-09,C091,Sneha,Office Supplies,Pen,Cello Pen,South,Hyderabad,4,27763,0.05,105499.4,59143.44,46355.96
O1044,2025-03-06,C033,Ravi,Furniture,Desk,Study Desk,South,Hyderabad,3,28174,0.2,67617.6,54119.5,13498.1
O1045,2025-08-03,C081,Vikram,Furniture,Desk,Study Desk,South,Hyderabad,2,32096,0.1,57772.8,46062.34,11710.46
O1046,2025-11-10,C075,Ravi,Technology,Mobile,OnePlus Mobile,North,Jaipur,2,57558,0.0,115116.0,86154.54,28961.46
O1047,2025-02-05,C082,Rahul,Technology,Laptop,Dell Laptop,South,Chennai,5,18988,0.1,85446.0,80849.18,4596.82
O1048,2025-10-06,C089,Arjun,Office Supplies,Printer Paper,Premium Paper,West,,5,44911,0.0,224555.0,184570.27,39984.73
O1049,2025-07-06,C019,Rahul,Technology,Mobile,Samsung Mobile,South,Chennai,4,47059,0.0,188236.0,127627.74,60608.26
O1050,2025-05-24,C069,Arjun,Technology,Laptop,Lenovo Laptop,East,Kolkata,7,59263,0.15,352614.85,274819.25,77795.6
O1051,2025-06-30,C042,Vikram,Technology,Keyboard,Logitech Keyboard,South,Hyderabad,7,1267,0.0,8869.0,5280.48,3588.52
O1052,2025-05-26,C076,Anjali,Office Supplies,Pen,Parker Pen,North,Delhi,3,38202,0.2,91684.8,63296.07,28388.73
O1053,2025-10-10,C066,Kiran,Furniture,Table,Computer Table,South,Hyderabad,6,1642,0.2,7881.6,5036.58,2845.02
O1054,2025-11-23,C089,Sneha,Technology,Laptop,HP Laptop,West,Mumbai,1,17849,0.15,15171.65,9780.77,5390.88
O1055,2025-01-19,C039,Arjun,Furniture,Cabinet,File Cabinet,West,Mumbai,6,26890,0.1,145206.0,94309.8,50896.2
O1056,2025-01-01,C003,Anjali,Technology,Laptop,HP Laptop,East,Bhubaneswar,4,55871,0.2,178787.2,157174.71,21612.49
O1057,2025-06-09,C045,Kiran,Office Supplies,Printer Paper,A4 Paper,South,Hyderabad,6,46296,0.05,263887.2,146420.92,117466.28
O1058,2025-02-16,C049,Rahul,Furniture,Chair,Office Chair,East,Kolkata,4,25926,0.1,93333.6,87520.88,5812.72
O1059,2025-09-29,C072,Amit,Technology,Mobile,OnePlus Mobile,West,Ahmedabad,9,7214,0.15,55187.1,51516.11,3670.99
O1060,2025-08-08,C041,Sneha,Technology,Keyboard,HP Keyboard,East,Bhubaneswar,8,19229,0.15,130757.2,102443.36,28313.84
O1061,2025-08-28,C029,Arjun,Office Supplies,Pen,Parker Pen,South,Hyderabad,1,55384,0.15,47076.4,37242.74,9833.66
O1062,2025-01-05,C033,Amit,Technology,Mobile,OnePlus Mobile,West,Mumbai,9,109,0.05,931.95,718.19,213.76
O1063,2025-10-10,C049,Rahul,Technology,Mobile,Apple iPhone,South,Bangalore,5,23933,0.0,119665.0,112241.67,7423.33
O1064,2025-12-17,C005,Amit,Furniture,Chair,Office Chair,West,Mumbai,5,41043,0.15,174432.75,152656.64,21776.11
O1065,2025-03-26,C078,Anjali,Office Supplies,Notebook,Classmate Notebook,South,Hyderabad,5,4909,0.05,23317.75,16349.01,6968.74
O1066,2025-10-15,C034,Ravi,Furniture,Chair,Office Chair,South,Hyderabad,4,22049,0.0,88196.0,72204.33,15991.67
O1067,2025-02-23,C005,Anjali,Office Supplies,Pen,Cello Pen,North,Jaipur,6,50022,0.1,270118.8,181819.91,88298.89
O1068,2025-04-13,C038,Priya,Technology,Keyboard,Logitech Keyboard,West,Ahmedabad,5,39864,0.05,189354.0,165120.07,24233.93
O1069,2025-12-01,C030,Neha,Furniture,Table,Computer Table,North,Jaipur,3,10309,0.15,26287.95,20214.87,6073.08
O1070,2025-12-06,C088,Kiran,Furniture,Desk,Office Desk,South,Hyderabad,4,49389,0.0,197556.0,147544.01,50011.99
O1071,2025-12-02,C095,Amit,Furniture,Table,Office Table,North,Delhi,3,6354,0.0,19062.0,13992.42,5069.58
O1072,2025-10-04,C005,Priya,Technology,Monitor,Samsung Monitor,West,Mumbai,2,28832,0.05,54780.8,35034.49,19746.31
O1073,2025-02-03,C049,Vikram,Furniture,Chair,Executive Chair,South,Chennai,1,39244,0.15,33357.4,21099.67,12257.73
O1074,2025-03-02,C081,Vikram,Technology,Monitor,Dell Monitor,North,Delhi,9,43321,0.1,350900.1,322248.74,28651.36
O1075,2025-03-19,C088,Priya,Technology,Keyboard,Logitech Keyboard,West,Mumbai,4,402,0.05,1527.6,1304.54,223.06
O1076,2025-10-01,C038,Arjun,Technology,Mobile,OnePlus Mobile,West,Ahmedabad,7,5222,0.1,32898.6,25096.55,7802.05
O1077,2025-09-30,C086,Vikram,Office Supplies,File,Document File,South,Bangalore,5,10367,0.05,49243.25,38192.38,11050.87
O1078,2025-08-21,C018,Sneha,Furniture,Cabinet,File Cabinet,South,Hyderabad,4,6268,0.15,21311.2,14748.24,6562.96
O1079,2025-06-29,C026,Priya,Office Supplies,Pen,Cello Pen,West,Mumbai,3,16013,0.0,48039.0,32905.69,15133.31
O1080,2025-10-04,C070,Amit,Office Supplies,Printer Paper,A4 Paper,South,Chennai,5,28124,0.0,140620.0,77764.79,62855.21
O1081,2025-08-31,C031,Ravi,Office Supplies,Printer Paper,Premium Paper,North,Lucknow,8,27546,0.0,220368.0,128274.78,92093.22
O1082,2025-12-01,C006,Amit,Technology,Keyboard,HP Keyboard,West,Pune,2,41527,0.15,70595.9,64733.49,5862.41
O1083,2025-06-22,C044,Kiran,Technology,Mobile,OnePlus Mobile,West,Pune,9,53541,0.1,433682.1,337684.43,95997.67
O1084,2025-02-16,C001,Vikram,Furniture,Table,Computer Table,East,Patna,4,49476,0.15,168218.4,108831.23,59387.17
O1085,2025-06-27,C010,Kiran,Furniture,Cabinet,Storage Cabinet,South,Chennai,4,39856,0.1,143481.6,112999.4,30482.2
O1086,2025-11-25,C017,Anjali,Office Supplies,Pen,Cello Pen,North,Delhi,8,34487,0.0,275896.0,167063.28,108832.72
O1087,2025-08-24,C050,Kiran,Office Supplies,File,Document File,North,Lucknow,3,28353,0.0,85059.0,75727.26,9331.74
O1088,2025-11-24,C011,Anjali,Office Supplies,Notebook,Spiral Notebook,East,Patna,3,51812,0.15,132120.6,117155.5,14965.1
O1089,2025-03-03,C004,Anjali,Technology,Mobile,OnePlus Mobile,West,Mumbai,5,19382,0.1,87219.0,70080.77,17138.23
O1090,2025-12-19,C023,Rahul,Technology,Mobile,Samsung Mobile,North,Lucknow,8,28273,0.1,203565.6,162779.32,40786.28
O1091,2025-02-08,C051,Amit,Technology,Laptop,Dell Laptop,West,Ahmedabad,2,18481,0.2,29569.6,26984.89,2584.71
O1092,2025-08-19,C027,Sneha,Furniture,Desk,Office Desk,West,Pune,4,15474,0.2,49516.8,37046.96,12469.84
O1093,2025-03-27,C066,Vikram,Technology,Mobile,Samsung Mobile,South,Hyderabad,5,32254,0.0,161270.0,90861.61,70408.39
O1094,2025-07-03,C015,Ravi,Technology,Monitor,LG Monitor,South,Chennai,6,55280,0.15,281928.0,206596.86,75331.14
O1095,2025-10-19,C026,Kiran,Technology,Laptop,Lenovo Laptop,East,Kolkata,2,48638,0.1,87548.4,72453.25,15095.15
O1096,2025-08-06,C013,Ravi,Office Supplies,Pen,Cello Pen,East,Bhubaneswar,6,13099,0.05,74664.3,69356.66,5307.64
O1097,2025-12-22,C068,Kiran,Furniture,Table,Office Table,South,Bangalore,8,33695,0.1,242604.0,223886.45,18717.55
O1098,2025-10-23,C041,Amit,Technology,Keyboard,Logitech Keyboard,North,Delhi,9,54361,0.1,440324.1,371887.91,68436.19
O1099,2025-11-09,C001,Amit,Office Supplies,File,Office File,North,Delhi,5,36285,0.15,154211.25,92505.94,61705.31
O1100,2025-11-09,C026,Anjali,Office Supplies,File,Document File,West,Mumbai,9,9624,0.0,86616.0,54761.4,31854.6
O1101,2025-12-13,C017,Arjun,Office Supplies,File,Document File,South,Chennai,6,8677,0.05,49458.9,36715.06,12743.84
O1102,2025-03-04,C022,Vikram,Furniture,Cabinet,File Cabinet,West,Pune,5,22459,0.0,112295.0,78040.26,34254.74
O1103,2025-12-08,C092,Ravi,Furniture,Chair,Office Chair,West,Mumbai,4,19916,0.0,79664.0,61574.07,18089.93
O1104,2025-11-14,C032,Rahul,Technology,Monitor,Dell Monitor,East,Kolkata,7,2582,0.1,16266.6,14150.52,2116.08
O1105,2025-07-13,C092,Rahul,Technology,Laptop,HP Laptop,East,Patna,2,33636,0.1,60544.8,44277.35,16267.45
O1106,2025-05-11,C032,Vikram,Furniture,Table,Computer Table,West,Ahmedabad,4,55268,0.2,176857.6,102613.02,74244.58
O1107,2025-12-15,C008,Rahul,Furniture,Desk,Study Desk,North,Delhi,7,16538,0.15,98401.1,87175.06,11226.04
O1108,2025-03-08,C051,Rahul,Technology,Monitor,Samsung Monitor,East,Patna,8,56473,0.0,451784.0,393036.92,58747.08
O1109,2025-06-14,C054,Kiran,Office Supplies,Printer Paper,Premium Paper,West,Pune,8,48017,0.1,345722.4,323271.09,22451.31
O1110,2025-05-27,C019,Sneha,Furniture,Desk,Office Desk,East,Bhubaneswar,7,4525,0.0,31675.0,20055.17,11619.83
O1111,2025-07-14,C087,Neha,Technology,Keyboard,HP Keyboard,North,Delhi,5,22519,0.1,101335.5,66250.05,35085.45
O1112,2025-12-08,C024,Rahul,Technology,Laptop,HP Laptop,East,Bhubaneswar,9,7183,0.1,58182.3,54073.54,4108.76
O1113,2025-07-28,C014,Anjali,Furniture,Table,Computer Table,West,Pune,7,20707,0.0,144949.0,107829.21,37119.79
O1114,2025-06-03,C058,Priya,Furniture,Chair,Office Chair,West,Mumbai,6,17785,0.1,96039.0,69021.46,27017.54
O1115,2025-02-03,C017,Kiran,Office Supplies,Notebook,Classmate Notebook,North,Jaipur,5,26765,0.15,113751.25,85226.57,28524.68
O1116,2025-10-14,C006,Ravi,Technology,Mobile,OnePlus Mobile,East,Patna,5,40909,0.2,163636.0,107259.07,56376.93
O1117,2025-07-09,C046,Priya,Furniture,Cabinet,File Cabinet,South,Hyderabad,7,27629,0.2,154722.4,136966.89,17755.51
O1118,2025-09-24,C040,Sneha,Furniture,Desk,Office Desk,West,Mumbai,4,21974,0.05,83501.2,48205.23,35295.97
O1119,2025-09-07,C036,Sneha,Technology,Monitor,Samsung Monitor,East,Patna,6,28869,0.2,138571.2,103027.96,35543.24
O1120,2025-03-14,C073,Ravi,Office Supplies,File,Document File,West,Mumbai,2,47404,0.05,90067.6,66622.55,23445.05
O1121,2025-05-11,C044,Arjun,Technology,Laptop,Dell Laptop,South,Bangalore,8,55437,0.0,443496.0,287634.13,155861.87
O1122,2025-01-17,C074,Anjali,Furniture,Table,Computer Table,East,Patna,5,49182,0.1,221319.0,206897.75,14421.25
O1123,2025-07-17,C072,Anjali,Office Supplies,Notebook,Classmate Notebook,East,Bhubaneswar,8,438,0.2,2803.2,2392.85,410.35
O1124,2025-09-23,C016,Neha,Furniture,Chair,Executive Chair,West,Ahmedabad,9,57296,0.05,489880.8,277160.22,212720.58
O1125,2025-06-25,C072,Priya,Technology,Monitor,LG Monitor,South,Chennai,7,44913,0.2,251512.8,211876.76,39636.04
O1126,2025-04-13,C017,Ravi,Office Supplies,File,Office File,North,Lucknow,4,25610,0.1,92196.0,62475.71,29720.29
O1127,2025-12-30,C039,Ravi,Office Supplies,Printer Paper,Premium Paper,South,Chennai,3,29966,0.05,85403.1,71730.64,13672.46
O1128,2025-11-07,C099,Vikram,Technology,Keyboard,Logitech Keyboard,North,Delhi,2,48388,0.2,77420.8,61653.69,15767.11
O1129,2025-10-29,C029,Rahul,Furniture,Table,Office Table,West,Mumbai,2,48643,0.1,87557.4,50609.22,36948.18
O1130,2025-12-25,C084,Kiran,Technology,Mobile,Samsung Mobile,East,Kolkata,8,18255,0.0,146040.0,125201.46,20838.54
O1131,2025-10-20,C025,Rahul,Technology,Mobile,Samsung Mobile,West,Mumbai,8,32513,0.05,247098.8,165191.29,81907.51
O1132,2025-10-20,C061,Kiran,Technology,Mobile,Apple iPhone,South,Bangalore,1,57308,0.15,48711.8,31044.11,17667.69
O1133,2025-07-18,C052,Sneha,Office Supplies,Printer Paper,Premium Paper,West,Ahmedabad,8,41070,0.2,262848.0,248568.51,14279.49
O1134,2025-11-26,C098,Anjali,Office Supplies,Printer Paper,Premium Paper,South,Bangalore,6,41944,0.1,226497.6,171022.77,55474.83
O1135,2025-02-16,C087,Rahul,Furniture,Chair,Office Chair,North,Lucknow,8,53097,0.2,339820.8,194763.9,145056.9
O1136,2025-06-09,C099,Amit,Technology,Monitor,LG Monitor,South,Hyderabad,3,25525,0.0,76575.0,46830.08,29744.92
O1137,2025-04-15,C056,Arjun,Technology,Keyboard,Logitech Keyboard,West,Mumbai,9,37543,0.2,270309.6,158562.19,111747.41
O1138,2025-02-09,C025,Kiran,Office Supplies,Printer Paper,A4 Paper,South,Bangalore,9,23365,0.15,178742.25,100840.83,77901.42
O1139,2025-03-31,C018,Amit,Office Supplies,File,Document File,East,Patna,6,14763,0.1,79720.2,66914.59,12805.61
O1140,2025-12-15,C058,Arjun,Technology,Keyboard,HP Keyboard,South,Hyderabad,1,38101,0.2,30480.8,22623.91,7856.89
O1141,2025-04-02,C097,Anjali,Furniture,Cabinet,File Cabinet,South,Hyderabad,1,58729,0.1,52856.1,47425.89,5430.21
O1142,2025-01-07,C005,Vikram,Technology,Monitor,Dell Monitor,South,Hyderabad,4,20770,0.1,74772.0,63637.45,11134.55
O1143,2025-07-25,C077,Neha,Technology,Monitor,Samsung Monitor,West,Pune,5,36609,0.05,173892.75,152536.43,21356.32
O1144,2025-12-10,C035,Amit,Furniture,Cabinet,File Cabinet,North,Lucknow,1,34932,0.05,33185.4,26667.86,6517.54
O1145,2025-02-06,C093,Amit,Office Supplies,Pen,Parker Pen,North,Delhi,2,1535,0.15,2609.5,1622.58,986.92
O1146,2025-04-30,C082,Priya,Furniture,Cabinet,File Cabinet,East,Kolkata,6,8173,0.0,49038.0,28107.02,20930.98
O1147,2025-01-29,C011,Rahul,Furniture,Cabinet,File Cabinet,South,Bangalore,3,21527,0.2,51664.8,36343.34,15321.46
O1148,2025-10-12,C004,Rahul,Furniture,Desk,Office Desk,East,Patna,7,44669,0.05,297048.85,195889.06,101159.79
O1149,2025-10-15,C002,Sneha,Office Supplies,Notebook,Classmate Notebook,West,Ahmedabad,7,35712,0.2,199987.2,133861.39,66125.81
O1150,2025-12-23,C059,Sneha,Furniture,Desk,Office Desk,West,Mumbai,8,32447,0.2,207660.8,192594.25,15066.55
O1151,2025-06-11,C061,Arjun,Furniture,Desk,Office Desk,South,Bangalore,1,12957,0.15,11013.45,9248.75,1764.7
O1152,2025-11-05,C008,Priya,Technology,Laptop,HP Laptop,West,Ahmedabad,8,21663,0.0,173304.0,155531.55,17772.45
O1153,2025-02-15,C015,Anjali,Office Supplies,File,Office File,East,Kolkata,8,44959,0.05,341688.4,272209.52,69478.88
O1154,2025-11-15,C086,Amit,Furniture,Table,Office Table,South,Chennai,4,34631,0.0,138524.0,87299.19,51224.81
O1155,2025-11-16,C082,Amit,Technology,Laptop,HP Laptop,East,Patna,1,37035,0.2,29628.0,17153.98,12474.02
O1156,2025-03-29,C041,Rahul,Office Supplies,Notebook,Classmate Notebook,South,Chennai,9,30187,0.1,244514.7,181479.49,63035.21
O1157,2025-08-30,C097,Priya,Technology,Mobile,Apple iPhone,East,Bhubaneswar,6,30911,0.15,157646.1,108524.62,49121.48
O1158,2025-04-13,C066,Amit,Technology,Laptop,Dell Laptop,South,Chennai,1,23216,0.15,19733.6,13677.76,6055.84
O1159,2025-11-13,C067,Amit,Office Supplies,Pen,Cello Pen,North,Jaipur,2,205,0.15,348.5,206.25,142.25
O1160,2025-03-25,C062,Neha,Technology,Mobile,Samsung Mobile,West,Ahmedabad,9,25391,0.05,217093.05,173700.9,43392.15
O1161,2025-07-07,C014,Priya,Office Supplies,Printer Paper,Premium Paper,East,Bhubaneswar,6,8701,0.1,46985.4,26607.91,20377.49
O1162,2025-02-24,C100,Ravi,Furniture,Cabinet,File Cabinet,East,Kolkata,9,13712,0.1,111067.2,70825.95,40241.25
O1163,2025-02-06,C096,Ravi,Technology,Monitor,Dell Monitor,West,Ahmedabad,2,10281,0.05,19533.9,15847.95,3685.95
O1164,2025-07-26,C097,Neha,Technology,Monitor,Samsung Monitor,East,Bhubaneswar,3,28806,0.2,69134.4,40020.48,29113.92
O1165,2025-12-30,C020,Ravi,Technology,Mobile,Samsung Mobile,West,Pune,8,8695,0.2,55648.0,38306.64,17341.36
O1166,2025-08-16,C066,Priya,Furniture,Chair,Office Chair,East,Kolkata,4,25949,0.2,83036.8,58807.17,24229.63
O1167,2025-01-18,C040,Kiran,Furniture,Desk,Study Desk,West,Ahmedabad,6,21216,0.15,108201.6,76124.03,32077.57
O1168,2025-01-02,C037,Kiran,Office Supplies,Notebook,Classmate Notebook,North,Jaipur,7,11661,0.15,69382.95,48508.36,20874.59
O1169,2025-08-19,C070,Rahul,Furniture,Chair,Office Chair,North,Jaipur,8,35146,0.0,281168.0,229165.56,52002.44
O1170,2025-06-13,C045,Neha,Office Supplies,Notebook,Classmate Notebook,East,Bhubaneswar,3,58696,0.2,140870.4,95802.58,45067.82
O1171,2025-11-28,C094,Anjali,Office Supplies,File,Office File,North,Lucknow,6,16753,0.05,95492.1,69662.54,25829.56
O1172,2025-04-17,C037,Kiran,Technology,Laptop,Lenovo Laptop,East,Kolkata,9,17059,0.15,130501.35,91578.47,38922.88
O1173,2025-11-30,C002,Anjali,Technology,Laptop,Dell Laptop,East,Patna,6,719,0.1,3882.6,2309.25,1573.35
O1174,2025-09-02,C059,Kiran,Office Supplies,Notebook,Spiral Notebook,North,Delhi,1,39130,0.1,35217.0,25739.39,9477.61
O1175,2025-10-26,C098,Anjali,Technology,Laptop,Lenovo Laptop,North,Jaipur,4,51992,0.05,197569.6,184934.53,12635.07
O1176,2025-10-21,C084,Neha,Furniture,Chair,Office Chair,West,Ahmedabad,8,6738,0.1,48513.6,36168.76,12344.84
O1177,2025-09-21,C029,Amit,Furniture,Chair,Executive Chair,East,Bhubaneswar,7,56427,0.05,375239.55,234652.16,140587.39
O1178,2025-04-24,C082,Rahul,Technology,Monitor,LG Monitor,West,Pune,1,47514,0.05,45138.3,31584.11,13554.19
O1179,2025-05-27,C031,Kiran,Furniture,Cabinet,File Cabinet,East,Kolkata,8,37308,0.15,253694.4,208182.98,45511.42
O1180,2025-03-30,C048,Anjali,Technology,Laptop,HP Laptop,North,Jaipur,2,17187,0.0,34374.0,30818.89,3555.11
O1181,2025-03-23,C013,Anjali,Technology,Laptop,Lenovo Laptop,South,Bangalore,4,48608,0.15,165267.2,135029.48,30237.72
O1182,2025-03-06,C076,Vikram,Office Supplies,File,Office File,West,Mumbai,8,41057,0.0,328456.0,223794.31,104661.69
O1183,2025-10-18,C044,Amit,Office Supplies,File,Office File,West,Mumbai,9,17924,0.0,161316.0,123935.01,37380.99
O1184,2025-10-09,C072,Priya,Furniture,Desk,Office Desk,East,Bhubaneswar,2,35857,0.0,71714.0,50337.08,21376.92
O1185,2025-10-20,C079,Sneha,Furniture,Cabinet,File Cabinet,South,Chennai,9,32879,0.2,236728.8,167965.98,68762.82
O1186,2025-01-21,C023,Neha,Office Supplies,File,Document File,West,Pune,2,27087,0.1,48756.6,36981.57,11775.03
O1187,2025-10-04,C013,Amit,Office Supplies,Notebook,Spiral Notebook,West,Mumbai,4,9006,0.1,32421.6,18613.47,13808.13
O1188,2025-06-05,C035,Ravi,Office Supplies,Pen,Cello Pen,South,Hyderabad,4,27217,0.1,97981.2,90323.22,7657.98
O1189,2025-12-16,C075,Neha,Furniture,Cabinet,Storage Cabinet,North,Jaipur,1,43696,0.15,37141.6,32657.48,4484.12
O1190,2025-10-25,C056,Sneha,Office Supplies,Printer Paper,Premium Paper,West,Mumbai,7,23586,0.0,165102.0,128271.85,36830.15
O1191,2025-01-26,C009,Vikram,Furniture,Desk,Study Desk,South,Hyderabad,7,23769,0.2,133106.4,120285.94,12820.46
O1192,2025-04-10,C060,Neha,Furniture,Chair,Office Chair,North,Delhi,5,54951,0.05,261017.25,219980.96,41036.29
O1193,2025-02-18,C099,Priya,Furniture,Chair,Executive Chair,West,Pune,1,42522,0.05,40395.9,24689.71,15706.19
O1194,2025-06-09,C011,Vikram,Technology,Monitor,Dell Monitor,South,Chennai,5,16114,0.1,72513.0,57491.03,15021.97
O1195,2025-05-26,C067,Vikram,Technology,Mobile,Samsung Mobile,South,Hyderabad,9,33637,0.1,272459.7,214921.32,57538.38
O1196,2025-03-09,C090,Amit,Furniture,Chair,Office Chair,South,Hyderabad,7,44411,0.15,264245.45,231870.84,32374.61
O1197,2025-03-14,C008,Rahul,Furniture,Cabinet,File Cabinet,South,Chennai,4,45899,0.2,146876.8,133316.6,13560.2
O1198,2025-01-27,C032,Kiran,Office Supplies,Pen,Parker Pen,West,Mumbai,1,3813,0.15,3241.05,2820.18,420.87
O1199,2025-09-15,C081,Arjun,Furniture,Cabinet,Storage Cabinet,West,Pune,3,8633,0.05,24604.05,23316.17,1287.88
O1200,2025-10-30,C055,Vikram,Furniture,Desk,Study Desk,East,Bhubaneswar,4,47656,0.2,152499.2,122606.92,29892.28
O1201,2025-08-25,C023,Arjun,Furniture,Table,Office Table,West,Mumbai,8,39991,0.1,287935.2,265151.21,22783.99
O1202,2025-08-19,C032,Rahul,Furniture,Chair,Executive Chair,East,Kolkata,9,16769,0.2,120736.8,70893.23,49843.57
O1203,2025-12-27,C085,Priya,Technology,Keyboard,HP Keyboard,North,Jaipur,4,53828,0.05,204546.4,140455.84,64090.56
O1204,2025-11-07,C006,Arjun,Office Supplies,Notebook,Classmate Notebook,South,Bangalore,3,38167,0.05,108775.95,85958.86,22817.09
O1205,2025-03-23,C045,Arjun,Furniture,Desk,Office Desk,North,Delhi,4,36975,0.0,147900.0,88229.24,59670.76
O1206,2025-06-12,C066,Priya,Furniture,Cabinet,Storage Cabinet,North,Jaipur,6,52390,0.15,267189.0,234456.74,32732.26
O1207,2025-10-16,C036,Rahul,Office Supplies,Pen,Cello Pen,East,Bhubaneswar,9,59429,0.0,534861.0,396728.75,138132.25
O1208,2025-01-25,C013,Kiran,Furniture,Cabinet,Storage Cabinet,North,Delhi,4,11238,0.1,40456.8,28702.69,11754.11
O1209,2025-05-08,C096,Sneha,Furniture,Cabinet,File Cabinet,North,Delhi,4,40208,0.15,136707.2,117662.45,19044.75
O1210,2025-01-05,C083,Priya,Furniture,Chair,Executive Chair,West,Pune,2,38047,0.1,68484.6,48253.18,20231.42
O1211,2025-04-09,C021,Anjali,Furniture,Chair,Executive Chair,North,Lucknow,2,46432,0.0,92864.0,67060.33,25803.67
O1212,2025-11-04,C093,Sneha,Furniture,Table,Office Table,West,Mumbai,4,46951,0.0,187804.0,120768.91,67035.09
O1213,2025-06-04,C092,Amit,Furniture,Desk,Study Desk,West,Mumbai,4,57122,0.2,182790.4,126435.11,56355.29
O1214,2025-08-18,C079,Kiran,Furniture,Desk,Office Desk,South,Chennai,5,4581,0.1,20614.5,14789.51,5824.99
O1215,2025-08-30,C085,Kiran,Furniture,Desk,Study Desk,East,Patna,5,30884,0.2,123536.0,68543.74,54992.26
O1216,2025-11-04,C055,Kiran,Furniture,Chair,Office Chair,East,Kolkata,3,53844,0.15,137302.2,111000.05,26302.15
O1217,2025-02-11,C021,Vikram,Furniture,Table,Computer Table,North,Jaipur,8,7494,0.0,59952.0,47699.76,12252.24
O1218,2025-03-01,C048,Rahul,Technology,Laptop,Dell Laptop,East,Kolkata,8,33260,0.0,266080.0,219583.55,46496.45
O1219,2025-03-20,C017,Neha,Furniture,Table,Computer Table,East,Kolkata,7,27525,0.1,173407.5,126596.11,46811.39
O1220,2025-03-28,C043,Rahul,Technology,Monitor,Dell Monitor,East,Kolkata,7,26824,0.2,150214.4,84902.49,65311.91
O1221,2025-08-16,C011,Sneha,Technology,Monitor,Samsung Monitor,East,Kolkata,5,16631,0.2,66524.0,46901.95,19622.05
O1222,2025-08-08,C081,Ravi,Office Supplies,File,Office File,West,Ahmedabad,5,41832,0.05,198702.0,110950.82,87751.18
O1223,2025-03-19,C041,Anjali,Technology,Laptop,HP Laptop,West,Pune,3,11924,0.15,30406.2,24203.49,6202.71
O1224,2025-09-15,C013,Kiran,Furniture,Desk,Study Desk,West,Pune,5,20231,0.15,85981.75,63603.66,22378.09
O1225,2025-06-02,C059,Vikram,Office Supplies,Printer Paper,Premium Paper,East,Bhubaneswar,1,58379,0.05,55460.05,35485.9,19974.15
O1226,2025-06-23,C021,Arjun,Technology,Mobile,OnePlus Mobile,East,Bhubaneswar,4,46904,0.15,159473.6,100307.01,59166.59
O1227,2025-05-29,C013,Kiran,Furniture,Cabinet,Storage Cabinet,West,Ahmedabad,1,37743,0.0,37743.0,28971.78,8771.22
O1228,2025-09-13,C086,Amit,Furniture,Cabinet,Storage Cabinet,East,Bhubaneswar,7,29434,0.15,175132.3,100095.69,75036.61
O1229,2025-10-10,C050,Arjun,Office Supplies,Notebook,Spiral Notebook,East,Kolkata,2,13157,0.2,21051.2,17348.7,3702.5
O1230,2025-07-10,C019,Neha,Office Supplies,Printer Paper,Premium Paper,South,Chennai,5,1824,0.0,9120.0,6870.5,2249.5
O1231,2025-12-28,C058,Ravi,Technology,Mobile,Apple iPhone,East,Patna,9,56547,0.2,407138.4,249994.64,157143.76
O1232,2025-12-28,C098,Anjali,Technology,Keyboard,Logitech Keyboard,West,Mumbai,4,48331,0.1,173991.6,123638.04,50353.56
O1233,2025-03-27,C090,Vikram,Furniture,Chair,Executive Chair,North,Lucknow,2,31756,0.2,50809.6,38893.64,11915.96
O1234,2025-03-16,C016,Arjun,Furniture,Cabinet,File Cabinet,North,Jaipur,9,19973,0.2,143805.6,100257.86,43547.74
O1235,2025-05-12,C020,Vikram,Office Supplies,File,Document File,East,Patna,5,17181,0.15,73019.25,51416.53,21602.72
O1236,2025-09-17,C060,Anjali,Furniture,Desk,Study Desk,South,Chennai,5,13209,0.2,52836.0,29674.21,23161.79
O1237,2025-12-02,C058,Neha,Technology,Keyboard,Logitech Keyboard,West,Ahmedabad,4,36160,0.1,130176.0,74973.75,55202.25
O1238,2025-07-30,C022,Ravi,Furniture,Cabinet,Storage Cabinet,North,Jaipur,3,28831,0.1,77843.7,58328.46,19515.24
O1239,2025-06-22,C100,Neha,Technology,Keyboard,HP Keyboard,North,Jaipur,5,44034,0.15,187144.5,141651.1,45493.4
O1240,2025-10-30,C075,Anjali,Technology,Monitor,Dell Monitor,North,Lucknow,4,50388,0.1,181396.8,157914.4,23482.4
O1241,2025-02-16,C078,Neha,Furniture,Chair,Office Chair,South,Chennai,4,49911,0.1,179679.6,148121.49,31558.11
O1242,2025-12-16,C070,Rahul,Technology,Mobile,Samsung Mobile,South,Hyderabad,2,46950,0.2,75120.0,62357.17,12762.83
O1243,2025-11-16,C037,Sneha,Office Supplies,Notebook,Classmate Notebook,South,Bangalore,3,5117,0.1,13815.9,9681.71,4134.19
O1244,2025-08-19,C039,Priya,Technology,Laptop,HP Laptop,East,Kolkata,4,48809,0.05,185474.2,107990.61,77483.59
O1245,2025-02-26,C031,Sneha,Office Supplies,Notebook,Spiral Notebook,South,Chennai,9,13593,0.15,103986.45,62655.97,41330.48
O1246,2025-09-27,C010,Amit,Technology,Keyboard,Logitech Keyboard,North,Jaipur,6,9535,0.1,51489.0,33995.35,17493.65
O1247,2025-03-25,C082,Vikram,Office Supplies,Pen,Parker Pen,South,Chennai,9,30608,0.15,234151.2,131931.43,102219.77
O1248,2025-07-22,C020,Ravi,Office Supplies,Notebook,Classmate Notebook,East,Bhubaneswar,1,30782,0.05,29242.9,24651.17,4591.73
O1249,2025-01-21,C082,Kiran,Office Supplies,Printer Paper,A4 Paper,South,Chennai,8,46051,0.0,368408.0,275492.72,92915.28
O1250,2025-06-10,C050,Kiran,Office Supplies,File,Document File,South,Hyderabad,3,57814,0.0,173442.0,161095.43,12346.57
O1251,2025-03-02,C098,Vikram,Office Supplies,Pen,Parker Pen,West,Pune,7,2436,0.0,17052.0,16066.51,985.49
O1252,2025-12-07,C005,Priya,Office Supplies,Notebook,Classmate Notebook,North,Delhi,1,1733,0.05,1646.35,1224.68,421.67
O1253,2025-03-27,C076,Ravi,Furniture,Cabinet,File Cabinet,North,Jaipur,2,11507,0.1,20712.6,16785.27,3927.33
O1254,2025-02-01,C007,Kiran,Office Supplies,Printer Paper,Premium Paper,East,Patna,3,1827,0.1,4932.9,4264.55,668.35
O1255,2025-04-26,C092,Anjali,Furniture,Desk,Study Desk,North,Jaipur,8,11083,0.2,70931.2,57727.48,13203.72
O1256,2025-04-07,C042,Sneha,Furniture,Cabinet,Storage Cabinet,South,Bangalore,2,16380,0.1,29484.0,26939.18,2544.82
O1257,2025-07-16,C051,Ravi,Office Supplies,Pen,Parker Pen,East,Patna,9,51678,0.05,441846.9,259524.6,182322.3
O1258,2025-02-16,C015,Ravi,Furniture,Cabinet,Storage Cabinet,East,Kolkata,4,57928,0.2,185369.6,125113.29,60256.31
O1259,2025-10-10,C040,Amit,Furniture,Table,Computer Table,East,Bhubaneswar,2,19306,0.1,34750.8,24160.16,10590.64
O1260,2025-01-12,C011,Neha,Technology,Keyboard,Logitech Keyboard,West,Mumbai,5,2407,0.1,10831.5,9780.48,1051.02
O1261,2025-04-12,C095,Neha,Technology,Monitor,Dell Monitor,West,Mumbai,5,49921,0.2,199684.0,135626.27,64057.73
O1262,2025-05-13,C099,Anjali,Office Supplies,Notebook,Classmate Notebook,West,Mumbai,4,36732,0.15,124888.8,113162.14,11726.66
O1263,2025-08-01,C088,Priya,Furniture,Table,Computer Table,West,Mumbai,2,52242,0.15,88811.4,65161.46,23649.94
O1264,2025-06-12,C052,Priya,Furniture,Desk,Study Desk,East,Bhubaneswar,5,55551,0.05,263867.25,155748.96,108118.29
O1265,2025-05-19,C094,Arjun,Technology,Monitor,Samsung Monitor,North,Jaipur,9,18810,0.0,169290.0,150088.96,19201.04
O1266,2025-07-20,C020,Rahul,Technology,Keyboard,Logitech Keyboard,East,Bhubaneswar,2,37446,0.15,63658.2,52369.55,11288.65
O1267,2025-05-23,C063,Kiran,Office Supplies,File,Document File,West,Ahmedabad,4,33309,0.0,133236.0,84766.34,48469.66
O1268,2025-02-08,C009,Arjun,Office Supplies,Notebook,Classmate Notebook,South,Chennai,4,48881,0.15,166195.4,149323.54,16871.86
O1269,2025-04-01,C098,Ravi,Technology,Monitor,LG Monitor,West,Mumbai,6,7518,0.1,40597.2,31429.39,9167.81
O1270,2025-11-30,C084,Rahul,Furniture,Table,Computer Table,East,Kolkata,8,15137,0.1,108986.4,77936.66,31049.74
O1271,2025-10-02,C073,Sneha,Technology,Keyboard,HP Keyboard,North,Jaipur,6,34618,0.0,207708.0,138517.83,69190.17
O1272,2025-04-30,C038,Kiran,Technology,Monitor,LG Monitor,West,Mumbai,7,29404,0.15,174953.8,140669.09,34284.71
O1273,2025-03-30,C014,Kiran,Technology,Keyboard,HP Keyboard,South,Chennai,9,59811,0.0,538299.0,396999.38,141299.62
O1274,2025-09-21,C002,Anjali,Office Supplies,Notebook,Classmate Notebook,North,Jaipur,9,5927,0.1,48008.7,43743.51,4265.19
O1275,2025-06-07,C012,Arjun,Technology,Mobile,OnePlus Mobile,South,Bangalore,7,23667,0.2,132535.2,117328.23,15206.97
O1276,2025-06-21,C033,Kiran,Office Supplies,Printer Paper,Premium Paper,North,Delhi,5,50600,0.15,215050.0,137221.28,77828.72
O1277,2025-12-09,C047,Ravi,Technology,Laptop,Dell Laptop,South,Bangalore,1,21061,0.0,21061.0,11795.36,9265.64
O1278,2025-08-20,C021,Arjun,Furniture,Cabinet,Storage Cabinet,West,Ahmedabad,9,45814,0.05,391709.7,241265.7,150444.0
O1279,2025-03-17,C045,Arjun,Furniture,Cabinet,File Cabinet,South,Bangalore,4,18330,0.15,62322.0,36875.3,25446.7
O1280,2025-03-02,C012,Amit,Furniture,Cabinet,Storage Cabinet,East,Bhubaneswar,7,42852,0.0,299964.0,165330.68,134633.32
O1281,2025-12-21,C040,Arjun,Furniture,Desk,Study Desk,West,Pune,1,45596,0.2,36476.8,26963.23,9513.57
O1282,2025-02-12,C020,Rahul,Technology,Keyboard,HP Keyboard,South,Hyderabad,6,43156,0.0,258936.0,165104.72,93831.28
O1283,2025-02-06,C049,Anjali,Furniture,Desk,Office Desk,South,Hyderabad,6,27105,0.0,162630.0,115273.12,47356.88
O1284,2025-07-11,C011,Arjun,Technology,Keyboard,Logitech Keyboard,West,Ahmedabad,7,49434,0.0,346038.0,194427.43,151610.57
O1285,2025-03-13,C072,Kiran,Office Supplies,Notebook,Classmate Notebook,North,Delhi,1,44299,0.15,37654.15,31702.69,5951.46
O1286,2025-06-02,C091,Neha,Technology,Keyboard,Logitech Keyboard,East,Kolkata,7,33855,0.05,225135.75,188789.24,36346.51
O1287,2025-06-10,C036,Priya,Furniture,Chair,Office Chair,West,Mumbai,4,23477,0.05,89212.6,53152.43,36060.17
O1288,2025-02-10,C039,Priya,Technology,Monitor,Samsung Monitor,East,Kolkata,1,16815,0.05,15974.25,10837.45,5136.8
O1289,2025-07-29,C051,Amit,Office Supplies,Notebook,Classmate Notebook,North,Jaipur,3,10158,0.2,24379.2,13507.36,10871.84
O1290,2025-04-03,C038,Arjun,Technology,Laptop,Lenovo Laptop,East,Patna,4,59945,0.1,215802.0,182653.19,33148.81
O1291,2025-12-23,C085,Rahul,Furniture,Cabinet,Storage Cabinet,South,Hyderabad,3,2382,0.0,7146.0,4171.53,2974.47
O1292,2025-05-26,C036,Arjun,Office Supplies,File,Office File,West,Mumbai,6,34687,0.2,166497.6,137693.04,28804.56
O1293,2025-06-21,C079,Anjali,Technology,Monitor,Dell Monitor,South,Chennai,2,34691,0.1,62443.8,45587.06,16856.74
O1294,2025-06-16,C034,Ravi,Office Supplies,File,Document File,West,Pune,9,1241,0.15,9493.65,6713.81,2779.84
O1295,2025-07-21,C060,Priya,Technology,Monitor,Dell Monitor,East,Kolkata,1,19090,0.15,16226.5,11129.88,5096.62
O1296,2025-06-25,C056,Amit,Office Supplies,File,Office File,West,Ahmedabad,1,11220,0.2,8976.0,6843.61,2132.39
O1297,2025-02-14,C004,Vikram,Technology,Monitor,Dell Monitor,South,Chennai,5,7169,0.1,32260.5,24607.18,7653.32
O1298,2025-09-02,C030,Vikram,Office Supplies,Pen,Cello Pen,West,Ahmedabad,3,26517,0.1,71595.9,43589.36,28006.54
O1299,2025-07-20,C029,Sneha,Technology,Mobile,Samsung Mobile,South,Chennai,5,31878,0.15,135481.5,128428.77,7052.73
O1300,2025-12-31,C086,Kiran,Technology,Laptop,HP Laptop,East,Kolkata,5,15948,0.0,79740.0,60833.89,18906.11
O1301,2025-12-07,C046,Kiran,Office Supplies,File,Office File,West,Pune,2,50691,0.2,81105.6,50922.11,30183.49
O1302,2025-12-20,C011,Sneha,Office Supplies,File,Document File,West,Mumbai,8,16096,0.1,115891.2,70717.81,45173.39
O1303,2025-10-02,C037,Neha,Office Supplies,Notebook,Classmate Notebook,West,Pune,8,9529,0.0,76232.0,66093.8,10138.2
O1304,2025-04-01,C098,Amit,Technology,Keyboard,HP Keyboard,South,Hyderabad,5,43271,0.1,194719.5,117405.92,77313.58
O1305,2025-01-20,C041,Vikram,Technology,Monitor,LG Monitor,South,Chennai,7,16959,0.2,94970.4,82404.32,12566.08
O1306,2025-03-16,C033,Ravi,Furniture,Chair,Office Chair,West,Pune,4,29635,0.05,112613.0,84073.18,28539.82
O1307,2025-08-07,C082,Arjun,Office Supplies,File,Office File,West,Mumbai,3,36693,0.0,110079.0,98656.2,11422.8
O1308,2025-12-03,C081,Rahul,Office Supplies,File,Office File,East,Patna,3,19603,0.0,58809.0,33743.94,25065.06
O1309,2025-07-08,C031,Neha,Technology,Keyboard,HP Keyboard,West,Ahmedabad,6,21926,0.1,118400.4,66578.44,51821.96
O1310,2025-05-06,C021,Priya,Furniture,Cabinet,Storage Cabinet,South,Chennai,3,52889,0.05,150733.65,91009.07,59724.58
O1311,2025-09-21,C026,Rahul,Technology,Keyboard,Logitech Keyboard,East,Bhubaneswar,9,57153,0.1,462939.3,439388.81,23550.49
O1312,2025-02-06,C013,Ravi,Office Supplies,Pen,Parker Pen,West,Mumbai,4,32892,0.2,105254.4,89065.27,16189.13
O1313,2025-04-14,C023,Anjali,Technology,Keyboard,HP Keyboard,South,Bangalore,1,20231,0.1,18207.9,14483.32,3724.58
O1314,2025-07-07,C077,Priya,Furniture,Table,Computer Table,East,Bhubaneswar,6,1198,0.1,6469.2,4979.03,1490.17
O1315,2025-08-22,C016,Amit,Technology,Laptop,Lenovo Laptop,West,Pune,2,15371,0.0,30742.0,23064.18,7677.82
O1316,2025-04-30,C055,Amit,Furniture,Table,Computer Table,South,Bangalore,2,59786,0.1,107614.8,93774.79,13840.01
O1317,2025-02-22,C019,Anjali,Technology,Monitor,Dell Monitor,West,Mumbai,1,15692,0.2,12553.6,7073.55,5480.05
O1318,2025-02-23,C052,Sneha,Technology,Mobile,Apple iPhone,South,Bangalore,7,23171,0.05,154087.15,120857.63,33229.52
O1319,2025-09-21,C082,Neha,Furniture,Table,Computer Table,East,Bhubaneswar,4,8344,0.15,28369.6,17224.61,11144.99
O1320,2025-08-29,C093,Vikram,Office Supplies,Pen,Cello Pen,North,Jaipur,9,14127,0.0,127143.0,86080.23,41062.77
O1321,2025-11-16,C029,Anjali,Furniture,Cabinet,Storage Cabinet,North,Delhi,7,58261,0.0,407827.0,279829.8,127997.2
O1322,2025-11-03,C013,Arjun,Technology,Monitor,Samsung Monitor,South,Bangalore,2,37391,0.15,63564.7,55019.89,8544.81
O1323,2025-08-05,C055,Vikram,Technology,Mobile,Apple iPhone,South,Hyderabad,7,39229,0.2,219682.4,154889.17,64793.23
O1324,2025-10-08,C094,Anjali,Office Supplies,File,Office File,South,Bangalore,5,58372,0.15,248081.0,149305.13,98775.87
O1325,2025-12-21,C047,Priya,Technology,Keyboard,Logitech Keyboard,West,Mumbai,1,17608,0.15,14966.8,13415.16,1551.64
O1326,2025-04-10,C031,Priya,Furniture,Desk,Study Desk,South,Bangalore,9,13424,0.05,114775.2,88471.91,26303.29
O1327,2025-12-09,C045,Priya,Technology,Laptop,HP Laptop,West,Pune,8,34873,0.0,278984.0,242296.55,36687.45
O1328,2025-01-28,C054,Amit,Technology,Keyboard,HP Keyboard,West,Pune,3,55721,0.15,142088.55,81115.43,60973.12
O1329,2025-02-23,C010,Kiran,Technology,Keyboard,Logitech Keyboard,East,Patna,3,50800,0.0,152400.0,134008.94,18391.06
O1330,2025-12-22,C014,Vikram,Office Supplies,Notebook,Spiral Notebook,North,Delhi,5,52425,0.05,249018.75,138885.49,110133.26
O1331,2025-06-20,C025,Sneha,Office Supplies,Notebook,Classmate Notebook,West,Pune,1,36121,0.15,30702.85,17008.44,13694.41
O1332,2025-04-14,C092,Vikram,Furniture,Cabinet,Storage Cabinet,North,Delhi,4,37082,0.15,126078.8,82821.3,43257.5
O1333,2025-08-12,C025,Rahul,Office Supplies,Pen,Parker Pen,North,Lucknow,9,59141,0.2,425815.2,279434.04,146381.16
O1334,2025-04-21,C051,Anjali,Office Supplies,Pen,Parker Pen,East,Kolkata,5,21063,0.2,84252.0,79169.73,5082.27
O1335,2025-05-12,C067,Anjali,Office Supplies,Printer Paper,A4 Paper,West,Mumbai,8,13867,0.2,88748.8,62940.84,25807.96
O1336,2025-04-14,C009,Neha,Technology,Mobile,OnePlus Mobile,East,Kolkata,7,49167,0.05,326960.55,255972.02,70988.53
O1337,2025-07-18,C057,Vikram,Technology,Keyboard,HP Keyboard,East,Bhubaneswar,6,16716,0.0,100296.0,64204.74,36091.26
O1338,2025-11-17,C049,Sneha,Technology,Mobile,Apple iPhone,South,Bangalore,5,55851,0.15,237366.75,167406.77,69959.98
O1339,2025-01-05,C084,Sneha,Furniture,Cabinet,Storage Cabinet,East,Kolkata,9,54033,0.05,461982.15,381615.1,80367.05
O1340,2025-03-02,C021,Kiran,Technology,Monitor,LG Monitor,South,Chennai,6,51198,0.05,291828.6,188742.28,103086.32
O1341,2025-01-03,C094,Amit,Furniture,Table,Computer Table,North,Jaipur,2,31533,0.2,50452.8,37004.06,13448.74
O1342,2025-01-11,C095,Amit,Technology,Keyboard,HP Keyboard,South,Bangalore,1,24372,0.1,21934.8,19023.11,2911.69
O1343,2025-10-01,C019,Neha,Technology,Keyboard,HP Keyboard,West,Ahmedabad,9,5551,0.1,44963.1,32984.27,11978.83
O1344,2025-02-28,C098,Rahul,Office Supplies,Pen,Cello Pen,North,Jaipur,6,58727,0.15,299507.7,259684.57,39823.13
O1345,2025-12-18,C100,Rahul,Office Supplies,File,Office File,East,Bhubaneswar,2,5466,0.2,8745.6,7798.35,947.25
O1346,2025-03-15,C036,Kiran,Office Supplies,File,Office File,West,Pune,6,55488,0.15,282988.8,157013.86,125974.94
O1347,2025-06-04,C093,Arjun,Furniture,Desk,Office Desk,South,Chennai,8,18853,0.1,135741.6,88439.51,47302.09
O1348,2025-05-09,C032,Anjali,Technology,Laptop,HP Laptop,East,Kolkata,6,40795,0.1,220293.0,205299.59,14993.41
O1349,2025-12-12,C078,Rahul,Technology,Monitor,Dell Monitor,West,Mumbai,3,40646,0.0,121938.0,88739.91,33198.09
O1350,2025-06-03,C020,Sneha,Furniture,Chair,Executive Chair,South,Hyderabad,2,52260,0.05,99294.0,90446.36,8847.64
O1351,2025-10-05,C098,Ravi,Office Supplies,Pen,Parker Pen,West,Mumbai,9,47080,0.05,402534.0,375374.24,27159.76
O1352,2025-10-09,C019,Neha,Technology,Laptop,Dell Laptop,East,Kolkata,8,46102,0.2,295052.8,223260.36,71792.44
O1353,2025-03-25,C015,Priya,Office Supplies,File,Office File,North,Delhi,5,4657,0.15,19792.25,17402.62,2389.63
O1354,2025-11-20,C015,Arjun,Technology,Laptop,Dell Laptop,East,Patna,7,13969,0.15,83115.55,66859.56,16255.99
O1355,2025-01-24,C024,Vikram,Technology,Laptop,Lenovo Laptop,West,Ahmedabad,8,14370,0.2,91968.0,77317.47,14650.53
O1356,2025-03-10,C095,Kiran,Office Supplies,Pen,Parker Pen,South,Bangalore,5,7515,0.15,31938.75,22998.82,8939.93
O1357,2025-06-17,C007,Neha,Furniture,Chair,Office Chair,South,Hyderabad,6,38313,0.2,183902.4,154340.33,29562.07
O1358,2025-02-07,C036,Anjali,Furniture,Chair,Office Chair,East,Patna,3,25017,0.15,63793.35,59757.67,4035.68
O1359,2025-07-04,C047,Amit,Technology,Laptop,Lenovo Laptop,North,Jaipur,5,23164,0.1,104238.0,68648.59,35589.41
O1360,2025-10-14,C042,Vikram,Office Supplies,Printer Paper,Premium Paper,North,Delhi,6,2808,0.0,16848.0,11831.94,5016.06
O1361,2025-09-30,C068,Sneha,Office Supplies,Pen,Parker Pen,North,Delhi,1,52974,0.05,50325.3,37378.97,12946.33
O1362,2025-02-20,C036,Rahul,Office Supplies,Notebook,Classmate Notebook,South,Hyderabad,6,2900,0.0,17400.0,14501.09,2898.91
O1363,2025-06-16,C057,Rahul,Technology,Monitor,LG Monitor,East,Patna,7,2014,0.0,14098.0,8442.05,5655.95
O1364,2025-01-03,C081,Rahul,Furniture,Desk,Office Desk,South,Hyderabad,6,37225,0.15,189847.5,178724.37,11123.13
O1365,2025-02-01,C096,Sneha,Office Supplies,Notebook,Classmate Notebook,East,Kolkata,1,39974,0.05,37975.3,23362.94,14612.36
O1366,2025-06-11,C061,Neha,Furniture,Chair,Office Chair,West,Ahmedabad,8,4273,0.05,32474.8,25861.79,6613.01
O1367,2025-10-10,C080,Amit,Office Supplies,Notebook,Classmate Notebook,North,Delhi,1,40980,0.1,36882.0,26622.84,10259.16
O1368,2025-03-30,C020,Sneha,Technology,Keyboard,HP Keyboard,North,Lucknow,3,35631,0.1,96203.7,86750.38,9453.32
O1369,2025-03-24,C051,Priya,Office Supplies,Pen,Cello Pen,North,Lucknow,9,20552,0.1,166471.2,148204.67,18266.53
O1370,2025-04-07,C005,Anjali,Technology,Laptop,HP Laptop,South,Bangalore,5,32126,0.15,136535.5,109025.92,27509.58
O1371,2025-01-19,C086,Kiran,Furniture,Chair,Executive Chair,East,Patna,1,30113,0.05,28607.35,20686.17,7921.18
O1372,2025-03-20,C087,Neha,Office Supplies,Pen,Cello Pen,West,Ahmedabad,4,39300,0.2,125760.0,108649.69,17110.31
O1373,2025-08-06,C062,Vikram,Office Supplies,Printer Paper,Premium Paper,South,Hyderabad,8,55733,0.05,423570.8,387945.3,35625.5
O1374,2025-08-07,C049,Neha,Technology,Mobile,OnePlus Mobile,North,Delhi,9,2088,0.05,17852.4,14850.01,3002.39
O1375,2025-03-15,C038,Amit,Office Supplies,File,Document File,North,Delhi,3,41267,0.05,117610.95,78209.48,39401.47
O1376,2025-05-28,C019,Sneha,Furniture,Desk,Office Desk,West,Ahmedabad,6,22647,0.1,122293.8,88314.46,33979.34
O1377,2025-10-10,C010,Anjali,Office Supplies,File,Document File,North,Delhi,2,48121,0.1,86617.8,60572.17,26045.63
O1378,2025-03-06,C083,Vikram,Technology,Keyboard,HP Keyboard,North,Delhi,4,54430,0.15,185062.0,101933.52,83128.48
O1379,2025-10-05,C100,Priya,Technology,Mobile,Samsung Mobile,West,Ahmedabad,6,3094,0.2,14851.2,9371.9,5479.3
O1380,2025-05-17,C036,Arjun,Furniture,Chair,Office Chair,East,Kolkata,1,37264,0.15,31674.4,29283.2,2391.2
O1381,2025-10-10,C054,Priya,Technology,Mobile,Samsung Mobile,South,Chennai,6,8467,0.0,50802.0,38061.68,12740.32
O1382,2025-03-14,C027,Vikram,Office Supplies,Printer Paper,A4 Paper,South,Bangalore,9,29138,0.15,222905.7,161330.53,61575.17
O1383,2025-06-17,C039,Rahul,Office Supplies,Printer Paper,Premium Paper,South,Bangalore,9,25740,0.05,220077.0,182740.29,37336.71
O1384,2025-10-17,C040,Priya,Technology,Monitor,Samsung Monitor,East,Patna,1,22620,0.2,18096.0,10511.21,7584.79
O1385,2025-05-07,C019,Sneha,Office Supplies,Pen,Cello Pen,South,Bangalore,2,34497,0.05,65544.3,59251.11,6293.19
O1386,2025-04-01,C008,Arjun,Office Supplies,File,Office File,East,Bhubaneswar,3,34861,0.0,104583.0,68119.39,36463.61
O1387,2025-10-11,C097,Amit,Furniture,Table,Office Table,South,Hyderabad,6,24270,0.0,145620.0,99522.93,46097.07
O1388,2025-05-03,C060,Amit,Technology,Laptop,HP Laptop,East,Patna,5,35685,0.2,142740.0,128393.08,14346.92
O1389,2025-03-04,C022,Vikram,Furniture,Cabinet,Storage Cabinet,North,Lucknow,5,26034,0.15,110644.5,79415.74,31228.76
O1390,2025-05-09,C055,Arjun,Technology,Laptop,HP Laptop,East,Patna,6,26811,0.15,136736.1,86692.29,50043.81
O1391,2025-05-13,C074,Kiran,Furniture,Table,Computer Table,South,Hyderabad,6,31881,0.2,153028.8,93988.0,59040.8
O1392,2025-05-09,C068,Ravi,Furniture,Desk,Office Desk,South,Bangalore,4,16054,0.1,57794.4,50416.24,7378.16
O1393,2025-10-29,C032,Neha,Furniture,Desk,Office Desk,South,Hyderabad,4,4027,0.0,16108.0,14195.12,1912.88
O1394,2025-11-13,C009,Amit,Technology,Keyboard,HP Keyboard,North,Delhi,7,11187,0.0,78309.0,53049.93,25259.07
O1395,2025-03-17,C087,Arjun,Office Supplies,Notebook,Classmate Notebook,West,Pune,9,27353,0.2,196941.6,161645.0,35296.6
O1396,2025-04-22,C023,Rahul,Furniture,Chair,Office Chair,North,Delhi,5,28346,0.2,113384.0,95103.29,18280.71
O1397,2025-09-03,C033,Rahul,Office Supplies,Printer Paper,A4 Paper,North,Delhi,6,15055,0.05,85813.5,57384.75,28428.75
O1398,2025-01-28,C011,Neha,Furniture,Desk,Study Desk,North,Lucknow,3,44039,0.05,125511.15,95098.52,30412.63
O1399,2025-12-29,C009,Rahul,Office Supplies,File,Document File,West,Ahmedabad,6,45042,0.15,229714.2,178893.35,50820.85
O1400,2025-12-20,C013,Amit,Furniture,Chair,Office Chair,West,Pune,8,55570,0.05,422332.0,261287.33,161044.67
O1401,2025-05-08,C088,Vikram,Technology,Mobile,Samsung Mobile,East,Patna,1,29016,0.2,23212.8,15898.04,7314.76
O1402,2025-11-05,C065,Rahul,Technology,Monitor,Dell Monitor,South,Chennai,1,15910,0.05,15114.5,11383.06,3731.44
O1403,2025-10-09,C016,Anjali,Furniture,Chair,Office Chair,South,Bangalore,3,40242,0.2,96580.8,77397.01,19183.79
O1404,2025-04-28,C071,Arjun,Furniture,Cabinet,File Cabinet,East,Kolkata,9,42681,0.0,384129.0,285806.52,98322.48
O1405,2025-02-26,C018,Arjun,Office Supplies,Pen,Parker Pen,South,Bangalore,3,4334,0.2,10401.6,7425.66,2975.94
O1406,2025-04-26,C057,Rahul,Furniture,Cabinet,Storage Cabinet,North,Jaipur,9,38859,0.15,297271.35,264325.11,32946.24
O1407,2025-05-03,C093,Arjun,Technology,Mobile,OnePlus Mobile,South,Hyderabad,6,2482,0.15,12658.2,12011.02,647.18
O1408,2025-11-27,C095,Priya,Office Supplies,File,Document File,North,Lucknow,7,27297,0.15,162417.15,119489.55,42927.6
O1409,2025-07-20,C058,Kiran,Furniture,Cabinet,File Cabinet,South,Bangalore,2,55712,0.0,111424.0,87178.81,24245.19
O1410,2025-07-11,C044,Neha,Technology,Mobile,Apple iPhone,East,Bhubaneswar,4,20276,0.1,72993.6,59742.56,13251.04
O1411,2025-12-12,C036,Vikram,Technology,Monitor,LG Monitor,South,Chennai,1,28147,0.1,25332.3,18321.97,7010.33
O1412,2025-08-25,C059,Priya,Technology,Laptop,HP Laptop,North,Jaipur,6,51827,0.1,279865.8,174677.99,105187.81
O1413,2025-12-12,C023,Priya,Furniture,Table,Computer Table,North,Lucknow,1,53053,0.05,50400.35,30414.61,19985.74
O1414,2025-08-10,C061,Rahul,Furniture,Cabinet,File Cabinet,East,Bhubaneswar,6,10844,0.1,58557.6,54202.52,4355.08
O1415,2025-07-26,C004,Neha,Furniture,Chair,Executive Chair,East,Kolkata,4,27626,0.05,104978.8,85535.42,19443.38
O1416,2025-09-14,C037,Amit,Office Supplies,Pen,Cello Pen,East,Bhubaneswar,5,22967,0.15,97609.75,59565.69,38044.06
O1417,2025-08-05,C056,Ravi,Furniture,Chair,Office Chair,East,Patna,5,19359,0.05,91955.25,79404.18,12551.07
O1418,2025-07-01,C038,Sneha,Office Supplies,Notebook,Classmate Notebook,East,Kolkata,6,55285,0.05,315124.5,267604.32,47520.18
O1419,2025-05-23,C016,Rahul,Office Supplies,Notebook,Classmate Notebook,West,Mumbai,3,37328,0.1,100785.6,65167.83,35617.77
O1420,2025-10-31,C035,Amit,Office Supplies,Printer Paper,A4 Paper,West,Mumbai,3,25625,0.1,69187.5,38432.23,30755.27
O1421,2025-07-26,C058,Arjun,Furniture,Desk,Study Desk,East,Bhubaneswar,1,17475,0.15,14853.75,8400.91,6452.84
O1422,2025-01-19,C043,Priya,Office Supplies,Printer Paper,A4 Paper,South,Hyderabad,3,10876,0.15,27733.8,26243.71,1490.09
O1423,2025-07-02,C028,Kiran,Furniture,Chair,Office Chair,South,Bangalore,7,22523,0.1,141894.9,130778.26,11116.64
O1424,2025-06-15,C025,Priya,Office Supplies,File,Office File,West,Mumbai,2,14311,0.0,28622.0,21021.91,7600.09
O1425,2025-02-28,C089,Anjali,Office Supplies,File,Document File,North,Lucknow,5,25615,0.2,102460.0,58582.15,43877.85
O1426,2025-08-02,C047,Rahul,Furniture,Table,Computer Table,West,Mumbai,7,56679,0.0,396753.0,246678.16,150074.84
O1427,2025-09-25,C040,Amit,Technology,Mobile,OnePlus Mobile,North,Jaipur,1,8666,0.1,7799.4,6472.38,1327.02
O1428,2025-10-19,C054,Vikram,Furniture,Table,Office Table,East,Bhubaneswar,2,25480,0.0,50960.0,33674.62,17285.38
O1429,2025-07-28,C084,Sneha,Office Supplies,Printer Paper,Premium Paper,East,Patna,6,15095,0.2,72456.0,52120.07,20335.93
O1430,2025-06-04,C053,Neha,Office Supplies,Printer Paper,Premium Paper,North,Lucknow,7,17459,0.2,97770.4,91950.6,5819.8
O1431,2025-04-05,C094,Sneha,Office Supplies,Notebook,Classmate Notebook,West,Mumbai,1,46930,0.0,46930.0,34540.66,12389.34
O1432,2025-01-11,C098,Priya,Office Supplies,Notebook,Classmate Notebook,East,Kolkata,1,36003,0.05,34202.85,31644.0,2558.85
O1433,2025-09-28,C084,Arjun,Office Supplies,Printer Paper,Premium Paper,North,Lucknow,4,4245,0.05,16131.0,9354.83,6776.17
O1434,2025-03-01,C010,Neha,Technology,Mobile,Samsung Mobile,East,Patna,8,55278,0.2,353779.2,227480.87,126298.33
O1435,2025-12-10,C087,Amit,Technology,Keyboard,Logitech Keyboard,South,Hyderabad,6,44354,0.05,252817.8,173700.51,79117.29
O1436,2025-08-26,C024,Arjun,Furniture,Desk,Office Desk,West,Pune,5,47395,0.05,225126.25,169340.75,55785.5
O1437,2025-08-14,C009,Amit,Furniture,Desk,Office Desk,South,Bangalore,9,30234,0.05,258500.7,171325.89,87174.81
O1438,2025-02-09,C020,Vikram,Technology,Laptop,HP Laptop,West,Mumbai,7,21258,0.2,119044.8,112590.24,6454.56
O1439,2025-08-15,C048,Priya,Office Supplies,Notebook,Spiral Notebook,South,Hyderabad,6,17718,0.15,90361.8,62761.83,27599.97
O1440,2025-08-17,C006,Arjun,Office Supplies,File,Document File,West,Mumbai,8,34800,0.2,222720.0,207258.32,15461.68
O1441,2025-07-06,C063,Amit,Technology,Laptop,HP Laptop,North,Lucknow,6,22623,0.0,135738.0,114921.36,20816.64
O1442,2025-09-04,C072,Anjali,Technology,Mobile,Apple iPhone,East,Patna,6,52037,0.2,249777.6,194987.79,54789.81
O1443,2025-11-11,C031,Kiran,Furniture,Table,Computer Table,West,Pune,3,14179,0.1,38283.3,26223.76,12059.54
O1444,2025-01-13,C045,Vikram,Furniture,Cabinet,File Cabinet,West,Mumbai,5,11101,0.15,47179.25,30660.27,16518.98
O1445,2025-09-30,C024,Vikram,Furniture,Chair,Executive Chair,East,Kolkata,1,43033,0.15,36578.05,26823.76,9754.29
O1446,2025-07-06,C013,Neha,Furniture,Desk,Office Desk,West,Pune,8,26475,0.1,190620.0,122999.21,67620.79
O1447,2025-10-13,C013,Priya,Technology,Laptop,Dell Laptop,South,Bangalore,2,11097,0.05,21084.3,15922.21,5162.09
O1448,2025-04-26,C015,Anjali,Technology,Mobile,OnePlus Mobile,North,Delhi,5,47864,0.0,239320.0,180502.87,58817.13
O1449,2025-05-17,C054,Rahul,Furniture,Cabinet,File Cabinet,South,Bangalore,4,56321,0.0,225284.0,200771.48,24512.52
O1450,2025-03-13,C027,Rahul,Office Supplies,File,Document File,East,Kolkata,1,19792,0.0,19792.0,15701.54,4090.46
O1451,2025-08-09,C085,Kiran,Office Supplies,Printer Paper,Premium Paper,North,Lucknow,7,57102,0.0,399714.0,253543.62,146170.38
O1452,2025-11-06,C072,Anjali,Office Supplies,Printer Paper,Premium Paper,North,Jaipur,6,24584,0.2,118003.2,103930.54,14072.66
O1453,2025-12-05,C028,Rahul,Technology,Monitor,Samsung Monitor,West,Mumbai,5,23766,0.05,112888.5,92246.52,20641.98
O1454,2025-03-09,C086,Vikram,Furniture,Desk,Study Desk,North,Jaipur,6,11482,0.2,55113.6,49819.5,5294.1
O1455,2025-03-24,C058,Arjun,Technology,Monitor,LG Monitor,South,Chennai,1,36044,0.15,30637.4,24481.61,6155.79
O1456,2025-07-27,C004,Amit,Furniture,Cabinet,Storage Cabinet,West,Mumbai,2,52115,0.0,104230.0,96328.72,7901.28
O1457,2025-10-17,C067,Vikram,Office Supplies,Notebook,Classmate Notebook,East,Patna,8,42458,0.2,271731.2,198006.67,73724.53
O1458,2025-06-01,C005,Arjun,Furniture,Table,Computer Table,South,Chennai,4,32803,0.05,124651.4,77393.19,47258.21
O1459,2025-06-24,C034,Neha,Furniture,Desk,Study Desk,South,Bangalore,3,12492,0.2,29980.8,19481.02,10499.78
O1460,2025-03-07,C030,Arjun,Office Supplies,Pen,Cello Pen,East,Patna,4,20666,0.0,82664.0,60015.98,22648.02
O1461,2025-10-21,C015,Vikram,Furniture,Chair,Office Chair,East,Kolkata,4,12089,0.2,38684.8,32648.82,6035.98
O1462,2025-03-11,C047,Neha,Furniture,Table,Computer Table,West,Pune,9,31608,0.0,284472.0,200850.91,83621.09
O1463,2025-05-18,C089,Sneha,Office Supplies,Pen,Parker Pen,East,Patna,6,46027,0.1,248545.8,177546.91,70998.89
O1464,2025-02-06,C056,Amit,Technology,Keyboard,Logitech Keyboard,West,Mumbai,5,55261,0.2,221044.0,128263.97,92780.03
O1465,2025-09-24,C092,Neha,Technology,Laptop,Dell Laptop,West,Pune,1,57803,0.15,49132.55,39147.72,9984.83
O1466,2025-04-13,C095,Vikram,Furniture,Chair,Office Chair,East,Patna,6,41791,0.05,238208.7,206628.96,31579.74
O1467,2025-10-05,C040,Kiran,Technology,Keyboard,Logitech Keyboard,North,Lucknow,4,56252,0.15,191256.8,145247.03,46009.77
O1468,2025-01-22,C038,Arjun,Office Supplies,Notebook,Classmate Notebook,South,Bangalore,6,34317,0.2,164721.6,139695.74,25025.86
O1469,2025-06-15,C081,Amit,Technology,Keyboard,HP Keyboard,North,Lucknow,1,37492,0.05,35617.4,21812.61,13804.79
O1470,2025-09-02,C035,Amit,Office Supplies,Pen,Cello Pen,West,Mumbai,6,52832,0.1,285292.8,246094.21,39198.59
O1471,2025-01-20,C006,Amit,Technology,Mobile,OnePlus Mobile,South,Bangalore,9,55301,0.05,472823.55,437287.82,35535.73
O1472,2025-02-13,C015,Arjun,Office Supplies,Printer Paper,Premium Paper,North,Delhi,9,4721,0.2,33991.2,21740.53,12250.67
O1473,2025-06-12,C032,Vikram,Office Supplies,File,Office File,East,Patna,1,51718,0.1,46546.2,29910.22,16635.98
O1474,2025-05-21,C070,Vikram,Technology,Laptop,Dell Laptop,West,Ahmedabad,2,38052,0.1,68493.6,47394.77,21098.83
O1475,2025-07-09,C004,Vikram,Furniture,Chair,Executive Chair,West,Ahmedabad,4,33675,0.1,121230.0,68090.29,53139.71
O1476,2025-02-14,C066,Ravi,Technology,Mobile,Apple iPhone,West,Pune,8,4987,0.1,35906.4,23516.44,12389.96
O1477,2025-08-18,C018,Priya,Office Supplies,Printer Paper,Premium Paper,West,Ahmedabad,9,39987,0.1,323894.7,189980.32,133914.38
O1478,2025-04-18,C004,Neha,Technology,Laptop,Dell Laptop,West,Pune,7,57896,0.05,385008.4,248275.66,136732.74
O1479,2025-07-31,C006,Ravi,Furniture,Cabinet,Storage Cabinet,North,Lucknow,8,6109,0.0,48872.0,32909.78,15962.22
O1480,2025-12-03,C041,Arjun,Office Supplies,File,Office File,North,Lucknow,1,40131,0.15,34111.35,23186.79,10924.56
O1481,2025-09-04,C011,Vikram,Technology,Keyboard,HP Keyboard,East,Bhubaneswar,3,40569,0.0,121707.0,86422.3,35284.7
O1482,2025-10-06,C074,Arjun,Office Supplies,Notebook,Spiral Notebook,East,Patna,1,47316,0.1,42584.4,39408.11,3176.29
O1483,2025-01-25,C074,Vikram,Technology,Monitor,Dell Monitor,West,Ahmedabad,9,35839,0.05,306423.45,189484.47,116938.98
O1484,2025-08-14,C010,Arjun,Technology,Mobile,OnePlus Mobile,North,Lucknow,9,33916,0.1,274719.6,217297.65,57421.95
O1485,2025-03-05,C002,Anjali,Office Supplies,File,Office File,South,Chennai,7,31322,0.0,219254.0,140890.45,78363.55
O1486,2025-07-06,C090,Amit,Furniture,Table,Computer Table,West,Ahmedabad,1,55126,0.05,52369.7,46775.68,5594.02
O1487,2025-10-10,C079,Ravi,Technology,Keyboard,Logitech Keyboard,West,Ahmedabad,4,5977,0.05,22712.6,13054.16,9658.44
O1488,2025-02-12,C017,Rahul,Office Supplies,File,Office File,West,Pune,8,46047,0.15,313119.6,223629.49,89490.11
O1489,2025-06-29,C037,Arjun,Technology,Keyboard,Logitech Keyboard,North,Jaipur,5,58369,0.05,277252.75,225993.85,51258.9
O1490,2025-10-12,C020,Anjali,Office Supplies,Printer Paper,A4 Paper,North,Lucknow,5,53411,0.2,213644.0,182465.73,31178.27
O1491,2025-10-02,C087,Priya,Furniture,Desk,Study Desk,North,Jaipur,2,39976,0.15,67959.2,53275.63,14683.57
O1492,2025-11-25,C019,Amit,Technology,Monitor,LG Monitor,North,Delhi,4,35449,0.15,120526.6,109471.42,11055.18
O1493,2025-01-05,C020,Neha,Furniture,Cabinet,File Cabinet,West,Mumbai,4,50284,0.15,170965.6,101252.09,69713.51
O1494,2025-05-17,C095,Neha,Furniture,Desk,Office Desk,North,Jaipur,4,44431,0.05,168837.8,94888.28,73949.52
O1495,2025-04-05,C053,Priya,Office Supplies,Pen,Cello Pen,West,Ahmedabad,9,10168,0.2,73209.6,58945.5,14264.1
O1496,2025-03-29,C001,Neha,Office Supplies,Printer Paper,Premium Paper,North,Jaipur,8,32628,0.2,208819.2,150735.96,58083.24
O1497,2025-12-14,C096,Rahul,Technology,Keyboard,Logitech Keyboard,North,Lucknow,2,58351,0.0,116702.0,105727.97,10974.03
O1498,2025-10-23,C050,Arjun,Office Supplies,Printer Paper,A4 Paper,North,Lucknow,2,30413,0.15,51702.1,30563.03,21139.07
O1499,2025-01-30,C084,Amit,Office Supplies,Pen,Parker Pen,South,Chennai,2,24468,0.05,46489.2,36268.26,10220.94
O1500,2025-02-11,C047,Kiran,Technology,Keyboard,Logitech Keyboard,North,Jaipur,8,55108,0.2,352691.2,287251.56,65439.64
O1501,2025-12-02,C034,Vikram,Furniture,Cabinet,File Cabinet,North,Delhi,4,56149,0.1,202136.4,120347.23,81789.17
O1502,2025-10-03,C039,Priya,Technology,Mobile,Samsung Mobile,East,Bhubaneswar,9,25197,0.0,226773.0,148181.79,78591.21
O1503,2025-01-12,C028,Sneha,Technology,Monitor,LG Monitor,West,Pune,9,5297,0.05,45289.35,25822.48,19466.87
O1504,2025-11-28,C022,Ravi,Technology,Monitor,Dell Monitor,North,Jaipur,5,24309,0.05,115467.75,105873.21,9594.54
O1505,2025-06-13,C020,Priya,Furniture,Cabinet,File Cabinet,East,Bhubaneswar,4,53787,0.0,215148.0,144827.86,70320.14
O1506,2025-07-25,C070,Rahul,Furniture,Desk,Office Desk,East,Kolkata,5,11000,0.1,49500.0,38975.54,10524.46
O1507,2025-04-19,C027,Sneha,Technology,Monitor,LG Monitor,South,Bangalore,1,25356,0.15,21552.6,17455.78,4096.82
O1508,2025-03-24,C054,Neha,Office Supplies,Printer Paper,Premium Paper,West,Pune,1,34136,0.1,30722.4,21279.52,9442.88
O1509,2025-11-21,C091,Anjali,Technology,Monitor,Samsung Monitor,South,Hyderabad,6,9826,0.0,58956.0,41482.45,17473.55
O1510,2025-08-06,C016,Arjun,Office Supplies,Notebook,Spiral Notebook,East,Patna,7,4178,0.1,26321.4,20076.61,6244.79
O1511,2025-12-06,C070,Ravi,Furniture,Desk,Office Desk,West,Pune,5,15570,0.0,77850.0,55357.69,22492.31
O1512,2025-07-31,C020,Anjali,Technology,Keyboard,Logitech Keyboard,South,Bangalore,3,27432,0.1,74066.4,44278.73,29787.67
O1513,2025-07-07,C057,Amit,Office Supplies,Printer Paper,A4 Paper,North,Lucknow,6,7230,0.2,34704.0,29919.68,4784.32
O1514,2025-12-12,C026,Neha,Office Supplies,Notebook,Classmate Notebook,North,Lucknow,3,20523,0.15,52333.65,40318.91,12014.74
O1515,2025-09-24,C026,Vikram,Office Supplies,Notebook,Spiral Notebook,South,Bangalore,7,39446,0.15,234703.7,173602.28,61101.42
O1516,2025-08-08,C065,Arjun,Office Supplies,File,Document File,North,Lucknow,3,42531,0.15,108454.05,73001.33,35452.72
O1517,2025-06-03,C012,Arjun,Office Supplies,Printer Paper,Premium Paper,West,Ahmedabad,7,44448,0.15,264465.6,165548.71,98916.89
O1518,2025-09-17,C075,Rahul,Technology,Laptop,HP Laptop,South,Hyderabad,9,57824,0.0,520416.0,487431.52,32984.48
O1519,2025-01-28,C057,Vikram,Office Supplies,Pen,Cello Pen,West,Pune,9,40250,0.2,289800.0,173352.26,116447.74
O1520,2025-09-30,C067,Sneha,Technology,Mobile,Samsung Mobile,West,Mumbai,4,27505,0.1,99018.0,80525.49,18492.51
O1521,2025-06-30,C064,Amit,Technology,Laptop,Lenovo Laptop,North,Delhi,3,14793,0.05,42160.05,33542.19,8617.86
O1522,2025-06-18,C074,Vikram,Furniture,Table,Computer Table,West,Mumbai,7,32121,0.0,224847.0,209518.36,15328.64
O1523,2025-07-07,C034,Sneha,Technology,Monitor,Dell Monitor,North,Jaipur,4,58116,0.0,232464.0,142968.89,89495.11
O1524,2025-10-18,C008,Ravi,Technology,Keyboard,Logitech Keyboard,North,Jaipur,4,56932,0.05,216341.6,194440.31,21901.29
O1525,2025-01-16,C099,Sneha,Office Supplies,Printer Paper,Premium Paper,East,Patna,9,48885,0.15,373970.25,250010.45,123959.8
O1526,2025-10-05,C075,Priya,Technology,Laptop,Lenovo Laptop,East,Bhubaneswar,7,15948,0.15,94890.6,59810.34,35080.26
O1527,2025-12-12,C087,Vikram,Furniture,Cabinet,Storage Cabinet,North,Delhi,7,39264,0.0,274848.0,186687.72,88160.28
O1528,2025-12-23,C030,Anjali,Technology,Mobile,OnePlus Mobile,East,Bhubaneswar,3,9416,0.05,26835.6,20992.37,5843.23
O1529,2025-01-29,C033,Kiran,Furniture,Chair,Executive Chair,South,Chennai,7,33772,0.2,189123.2,104994.18,84129.02
O1530,2025-07-29,C038,Kiran,Office Supplies,Pen,Cello Pen,West,Mumbai,6,24949,0.1,134724.6,84299.0,50425.6
O1531,2025-04-08,C093,Ravi,Furniture,Chair,Executive Chair,West,Ahmedabad,4,41950,0.05,159410.0,104539.28,54870.72
O1532,2025-09-08,C016,Neha,Furniture,Table,Computer Table,West,Pune,9,55898,0.0,503082.0,279626.49,223455.51
O1533,2025-02-11,C053,Vikram,Office Supplies,File,Office File,South,Chennai,6,6659,0.2,31963.2,25306.66,6656.54
O1534,2025-02-04,C006,Amit,Office Supplies,File,Document File,West,Ahmedabad,3,46518,0.05,132576.3,83644.72,48931.58
O1535,2025-02-14,C008,Neha,Technology,Laptop,Lenovo Laptop,West,Ahmedabad,4,37138,0.15,126269.2,69818.49,56450.71
O1536,2025-04-23,C044,Rahul,Technology,Monitor,Dell Monitor,East,Bhubaneswar,5,17500,0.05,83125.0,51879.21,31245.79
O1537,2025-07-07,C026,Anjali,Furniture,Desk,Study Desk,North,Delhi,9,33173,0.15,253773.45,239463.83,14309.62
O1538,2025-05-21,C043,Priya,Technology,Monitor,Samsung Monitor,North,Lucknow,5,26126,0.0,130630.0,79295.37,51334.63
O1539,2025-08-08,C097,Sneha,Office Supplies,Printer Paper,A4 Paper,South,Bangalore,8,29950,0.0,239600.0,171596.06,68003.94
O1540,2025-01-25,C020,Amit,Furniture,Chair,Executive Chair,East,Patna,8,58985,0.2,377504.0,243403.1,134100.9
O1541,2025-04-24,C055,Arjun,Furniture,Desk,Study Desk,North,Jaipur,7,32213,0.15,191667.35,110993.41,80673.94
O1542,2025-07-12,C051,Neha,Office Supplies,File,Office File,North,Jaipur,6,14992,0.15,76459.2,57034.6,19424.6
O1543,2025-07-06,C033,Arjun,Furniture,Desk,Study Desk,North,Lucknow,2,55471,0.15,94300.7,67708.32,26592.38
O1544,2025-06-17,C080,Amit,Office Supplies,Printer Paper,A4 Paper,North,Delhi,5,14845,0.1,66802.5,40481.98,26320.52
O1545,2025-06-22,C046,Ravi,Technology,Mobile,Apple iPhone,East,Bhubaneswar,6,39539,0.15,201648.9,165388.88,36260.02
O1546,2025-05-14,C023,Arjun,Office Supplies,File,Document File,South,Chennai,8,28856,0.0,230848.0,164741.0,66107.0
O1547,2025-04-13,C023,Priya,Office Supplies,File,Office File,West,Pune,2,6074,0.0,12148.0,9868.57,2279.43
O1548,2025-12-13,C009,Kiran,Office Supplies,File,Document File,West,Pune,7,1173,0.15,6979.35,5791.02,1188.33
O1549,2025-12-09,C020,Kiran,Technology,Laptop,Lenovo Laptop,South,Chennai,8,2259,0.2,14457.6,10774.83,3682.77
O1550,2025-05-14,C075,Anjali,Furniture,Chair,Executive Chair,South,Hyderabad,2,30332,0.05,57630.8,31845.96,25784.84
O1551,2025-12-21,C097,Ravi,Technology,Mobile,OnePlus Mobile,South,Bangalore,2,29963,0.1,53933.4,33425.96,20507.44
O1552,2025-05-06,C098,Anjali,Office Supplies,Pen,Cello Pen,South,Hyderabad,8,50310,0.0,402480.0,252965.81,149514.19
O1553,2025-02-11,C019,Rahul,Furniture,Chair,Office Chair,West,Ahmedabad,9,53875,0.1,436387.5,284654.47,151733.03
O1554,2025-05-14,C021,Vikram,Furniture,Cabinet,Storage Cabinet,East,Patna,2,16005,0.0,32010.0,24713.43,7296.57
O1555,2025-09-01,C018,Ravi,Furniture,Cabinet,File Cabinet,East,Patna,7,14722,0.05,97901.3,84103.91,13797.39
O1556,2025-07-28,C016,Arjun,Technology,Laptop,Lenovo Laptop,West,Ahmedabad,8,32364,0.2,207129.6,180091.38,27038.22
O1557,2025-04-03,C013,Sneha,Technology,Keyboard,Logitech Keyboard,West,Mumbai,4,39090,0.05,148542.0,134336.27,14205.73
O1558,2025-09-13,C009,Kiran,Furniture,Chair,Executive Chair,South,Bangalore,9,29803,0.1,241404.3,137525.22,103879.08
O1559,2025-03-15,C073,Sneha,Office Supplies,File,Office File,South,Chennai,4,53723,0.2,171913.6,140961.81,30951.79
O1560,2025-07-25,C090,Arjun,Office Supplies,Pen,Cello Pen,East,Patna,7,59275,0.2,331940.0,306652.0,25288.0
O1561,2025-05-10,C025,Vikram,Technology,Monitor,Samsung Monitor,South,Bangalore,2,25463,0.15,43287.1,24750.98,18536.12
O1562,2025-12-06,C064,Kiran,Office Supplies,Printer Paper,Premium Paper,West,Pune,3,43805,0.1,118273.5,85273.61,32999.89
O1563,2025-02-04,C055,Rahul,Office Supplies,Pen,Parker Pen,East,Patna,8,3532,0.15,24017.6,20847.83,3169.77
O1564,2025-08-20,C051,Ravi,Office Supplies,Pen,Cello Pen,West,Pune,3,27028,0.0,81084.0,73891.79,7192.21
O1565,2025-06-04,C010,Priya,Furniture,Cabinet,Storage Cabinet,East,Patna,1,28450,0.2,22760.0,20335.59,2424.41
O1566,2025-11-27,C026,Arjun,Technology,Mobile,OnePlus Mobile,West,Pune,9,1562,0.0,14058.0,11495.83,2562.17
O1567,2025-01-21,C054,Ravi,Furniture,Table,Computer Table,West,Ahmedabad,6,54560,0.1,294624.0,274281.6,20342.4
O1568,2025-04-19,C001,Ravi,Office Supplies,Pen,Parker Pen,East,Patna,4,52435,0.1,188766.0,164471.43,24294.57
O1569,2025-08-18,C071,Neha,Furniture,Cabinet,File Cabinet,West,Ahmedabad,6,6480,0.1,34992.0,32675.14,2316.86
O1570,2025-07-06,C081,Arjun,Technology,Monitor,Samsung Monitor,North,Delhi,1,8981,0.15,7633.85,5963.04,1670.81
O1571,2025-04-05,C017,Ravi,Technology,Keyboard,HP Keyboard,West,Ahmedabad,3,8407,0.2,20176.8,18539.99,1636.81
O1572,2025-10-19,C008,Arjun,Office Supplies,Pen,Cello Pen,North,Jaipur,2,5554,0.1,9997.2,8214.35,1782.85
O1573,2025-08-10,C013,Rahul,Furniture,Desk,Office Desk,South,Chennai,8,22091,0.2,141382.4,85635.55,55746.85
O1574,2025-07-11,C025,Amit,Furniture,Table,Office Table,East,Bhubaneswar,9,48576,0.05,415324.8,256248.71,159076.09
O1575,2025-04-03,C084,Kiran,Furniture,Cabinet,File Cabinet,North,Jaipur,1,13768,0.0,13768.0,10851.2,2916.8
O1576,2025-12-02,C058,Neha,Technology,Laptop,HP Laptop,West,Mumbai,2,19165,0.0,38330.0,23187.53,15142.47
O1577,2025-05-28,C064,Arjun,Furniture,Cabinet,File Cabinet,West,Pune,6,10932,0.0,65592.0,47495.49,18096.51
O1578,2025-12-08,C064,Amit,Technology,Laptop,Dell Laptop,South,Chennai,9,55205,0.0,496845.0,383330.51,113514.49
O1579,2025-01-01,C088,Sneha,Furniture,Table,Office Table,South,Chennai,1,27050,0.0,27050.0,17386.02,9663.98
O1580,2025-08-16,C060,Amit,Technology,Mobile,Apple iPhone,West,Ahmedabad,1,59775,0.05,56786.25,33744.74,23041.51
O1581,2025-01-18,C054,Rahul,Furniture,Cabinet,Storage Cabinet,West,Pune,8,9371,0.0,74968.0,52981.71,21986.29
O1582,2025-10-13,C098,Vikram,Technology,Monitor,Samsung Monitor,South,Chennai,1,46258,0.05,43945.1,39393.01,4552.09
O1583,2025-11-01,C052,Priya,Office Supplies,File,Document File,North,Jaipur,7,30091,0.05,200105.15,153152.08,46953.07
O1584,2025-07-03,C051,Amit,Office Supplies,Notebook,Classmate Notebook,North,Jaipur,9,38750,0.15,296437.5,276166.19,20271.31
O1585,2025-07-04,C055,Arjun,Office Supplies,Pen,Cello Pen,South,Chennai,1,52692,0.1,47422.8,34204.27,13218.53
O1586,2025-02-11,C098,Rahul,Furniture,Table,Office Table,North,Lucknow,4,18657,0.2,59702.4,50446.38,9256.02
O1587,2025-10-05,C067,Ravi,Office Supplies,Pen,Cello Pen,North,Lucknow,1,34185,0.0,34185.0,30346.91,3838.09
O1588,2025-12-07,C093,Amit,Office Supplies,File,Office File,East,Bhubaneswar,3,27861,0.2,66866.4,37919.66,28946.74
O1589,2025-02-23,C040,Vikram,Technology,Laptop,Lenovo Laptop,South,Bangalore,5,47128,0.15,200294.0,145419.14,54874.86
O1590,2025-04-18,C079,Priya,Technology,Keyboard,HP Keyboard,East,Patna,1,12062,0.15,10252.7,8123.94,2128.76
O1591,2025-05-05,C081,Kiran,Furniture,Chair,Executive Chair,North,Jaipur,7,53955,0.1,339916.5,282257.87,57658.63
O1592,2025-07-30,C018,Amit,Furniture,Table,Computer Table,South,Hyderabad,6,54098,0.2,259670.4,184521.54,75148.86
O1593,2025-04-07,C079,Sneha,Technology,Laptop,Lenovo Laptop,West,Pune,7,36786,0.15,218876.7,205272.72,13603.98
O1594,2025-03-28,C038,Neha,Technology,Monitor,Samsung Monitor,South,Hyderabad,2,50842,0.05,96599.8,57329.37,39270.43
O1595,2025-06-18,C023,Neha,Furniture,Chair,Executive Chair,West,Ahmedabad,3,35328,0.05,100684.8,73511.28,27173.52
O1596,2025-06-29,C096,Amit,Office Supplies,Pen,Cello Pen,West,Pune,7,49868,0.0,349076.0,270445.07,78630.93
O1597,2025-03-15,C063,Vikram,Office Supplies,Pen,Parker Pen,North,Jaipur,4,46072,0.15,156644.8,94442.32,62202.48
O1598,2025-05-10,C036,Priya,Office Supplies,Printer Paper,Premium Paper,East,Kolkata,1,3665,0.1,3298.5,2870.93,427.57
O1599,2025-03-15,C025,Kiran,Office Supplies,Notebook,Classmate Notebook,South,Bangalore,6,48739,0.05,277812.3,187923.5,89888.8
O1600,2025-08-17,C057,Priya,Office Supplies,Notebook,Spiral Notebook,South,Hyderabad,8,32267,0.0,258136.0,151242.86,106893.14
O1601,2025-04-04,C040,Vikram,Technology,Keyboard,HP Keyboard,East,Kolkata,4,15796,0.0,63184.0,38837.8,24346.2
O1602,2025-02-11,C084,Kiran,Office Supplies,Notebook,Classmate Notebook,North,Lucknow,8,25261,0.2,161670.4,145607.72,16062.68
O1603,2025-02-16,C009,Kiran,Technology,Mobile,Samsung Mobile,South,Chennai,1,33024,0.15,28070.4,26128.63,1941.77
O1604,2025-12-04,C096,Kiran,Office Supplies,File,Document File,East,Bhubaneswar,9,42237,0.05,361126.35,236429.58,124696.77
O1605,2025-07-03,C063,Arjun,Office Supplies,Pen,Parker Pen,North,Lucknow,1,30799,0.0,30799.0,22247.45,8551.55
O1606,2025-09-20,C046,Sneha,Office Supplies,Notebook,Classmate Notebook,North,Lucknow,8,21911,0.15,148994.8,138028.33,10966.47
O1607,2025-12-14,C006,Sneha,Technology,Mobile,OnePlus Mobile,South,Hyderabad,9,23917,0.05,204490.35,160191.32,44299.03
O1608,2025-07-31,C063,Arjun,Office Supplies,Notebook,Spiral Notebook,West,Pune,7,40196,0.05,267303.4,149889.6,117413.8
O1609,2025-09-26,C078,Ravi,Technology,Mobile,Apple iPhone,North,Jaipur,1,25839,0.05,24547.05,18656.24,5890.81
O1610,2025-03-28,C079,Neha,Furniture,Table,Computer Table,North,Delhi,4,43019,0.05,163472.2,91353.88,72118.32
O1611,2025-04-10,C078,Arjun,Technology,Mobile,OnePlus Mobile,East,Patna,3,29978,0.15,76443.9,63474.91,12968.99
O1612,2025-05-03,C094,Kiran,Furniture,Cabinet,File Cabinet,North,Jaipur,4,49529,0.05,188210.2,128196.96,60013.24
O1613,2025-12-23,C048,Neha,Office Supplies,Printer Paper,A4 Paper,East,Patna,6,34999,0.1,188994.6,168311.47,20683.13
O1614,2025-09-28,C003,Amit,Office Supplies,Notebook,Classmate Notebook,West,Ahmedabad,5,634,0.2,2536.0,1937.86,598.14
O1615,2025-02-04,C014,Neha,Technology,Mobile,Samsung Mobile,East,Kolkata,9,28014,0.05,239519.7,195632.74,43886.96
O1616,2025-05-25,C067,Arjun,Furniture,Table,Computer Table,North,Lucknow,2,3340,0.05,6346.0,5333.39,1012.61
O1617,2025-05-12,C082,Kiran,Technology,Keyboard,Logitech Keyboard,East,Bhubaneswar,2,30925,0.2,49480.0,39429.51,10050.49
O1618,2025-05-20,C073,Priya,Office Supplies,Pen,Cello Pen,South,Chennai,2,33641,0.2,53825.6,43957.98,9867.62
O1619,2025-09-10,C014,Amit,Furniture,Desk,Study Desk,South,Chennai,5,59703,0.15,253737.75,148179.42,105558.33
O1620,2025-10-21,C061,Amit,Furniture,Chair,Executive Chair,South,Chennai,7,11383,0.0,79681.0,54275.0,25406.0
O1621,2025-07-19,C021,Ravi,Furniture,Desk,Study Desk,North,Jaipur,1,8533,0.1,7679.7,4486.18,3193.52
O1622,2025-08-08,C057,Sneha,Furniture,Chair,Office Chair,North,Lucknow,8,58244,0.1,419356.8,361988.83,57367.97
O1623,2025-11-27,C023,Priya,Furniture,Desk,Study Desk,North,Delhi,4,14349,0.05,54526.2,42569.87,11956.33
O1624,2025-01-18,C047,Rahul,Technology,Keyboard,HP Keyboard,North,Lucknow,7,13643,0.0,95501.0,84766.44,10734.56
O1625,2025-11-05,C010,Neha,Technology,Mobile,Apple iPhone,West,Pune,6,37365,0.2,179352.0,162120.43,17231.57
O1626,2025-11-20,C042,Arjun,Technology,Monitor,LG Monitor,North,Jaipur,4,46340,0.2,148288.0,123130.39,25157.61
O1627,2025-02-03,C053,Anjali,Furniture,Chair,Executive Chair,West,Pune,7,46430,0.0,325010.0,191189.17,133820.83
O1628,2025-03-31,C058,Vikram,Furniture,Chair,Executive Chair,South,Chennai,6,15472,0.1,83548.8,57423.94,26124.86
O1629,2025-10-09,C090,Ravi,Office Supplies,Printer Paper,Premium Paper,West,Pune,5,11321,0.15,48114.25,27997.01,20117.24
O1630,2025-11-04,C077,Anjali,Office Supplies,Printer Paper,Premium Paper,East,Kolkata,5,9712,0.2,38848.0,24349.23,14498.77
O1631,2025-09-12,C015,Sneha,Technology,Mobile,OnePlus Mobile,West,Pune,8,56034,0.15,381031.2,312658.71,68372.49
O1632,2025-08-25,C091,Neha,Technology,Mobile,Samsung Mobile,East,Patna,5,52986,0.2,211944.0,154742.59,57201.41
O1633,2025-10-27,C012,Vikram,Technology,Monitor,Samsung Monitor,East,Bhubaneswar,4,4811,0.2,15395.2,10425.04,4970.16
O1634,2025-11-08,C099,Kiran,Technology,Keyboard,HP Keyboard,South,Hyderabad,5,27673,0.15,117610.25,82937.47,34672.78
O1635,2025-02-25,C072,Kiran,Furniture,Table,Computer Table,South,Bangalore,6,35751,0.2,171604.8,117183.6,54421.2
O1636,2025-07-01,C051,Vikram,Office Supplies,Pen,Parker Pen,South,Bangalore,6,18930,0.2,90864.0,64481.68,26382.32
O1637,2025-01-09,C061,Kiran,Furniture,Cabinet,File Cabinet,North,Delhi,7,19503,0.05,129694.95,112930.07,16764.88
O1638,2025-09-17,C093,Anjali,Furniture,Desk,Office Desk,North,Lucknow,9,12378,0.05,105831.9,90219.25,15612.65
O1639,2025-06-16,C096,Vikram,Office Supplies,Notebook,Spiral Notebook,West,Pune,4,11432,0.05,43441.6,32134.77,11306.83
O1640,2025-10-21,C023,Amit,Technology,Keyboard,Logitech Keyboard,West,Ahmedabad,6,40970,0.05,233529.0,184283.15,49245.85
O1641,2025-09-04,C095,Ravi,Technology,Monitor,Dell Monitor,East,Patna,7,58341,0.0,408387.0,337608.65,70778.35
O1642,2025-07-14,C086,Rahul,Office Supplies,File,Document File,West,Mumbai,9,5680,0.1,46008.0,33712.6,12295.4
O1643,2025-12-17,C044,Vikram,Furniture,Table,Office Table,North,Lucknow,1,25263,0.2,20210.4,14488.14,5722.26
O1644,2025-05-25,C037,Arjun,Office Supplies,Pen,Parker Pen,East,Patna,7,56063,0.2,313952.8,223119.59,90833.21
O1645,2025-12-31,C044,Neha,Furniture,Chair,Executive Chair,North,Jaipur,4,33735,0.15,114699.0,98872.74,15826.26
O1646,2025-02-11,C041,Neha,Technology,Keyboard,Logitech Keyboard,East,Patna,2,14117,0.2,22587.2,12487.49,10099.71
O1647,2025-08-19,C078,Kiran,Technology,Mobile,OnePlus Mobile,North,Jaipur,3,24056,0.0,72168.0,60489.97,11678.03
O1648,2025-11-04,C061,Ravi,Furniture,Chair,Office Chair,South,Hyderabad,5,35997,0.0,179985.0,112583.79,67401.21
O1649,2025-02-12,C049,Sneha,Furniture,Desk,Office Desk,West,Pune,1,48880,0.0,48880.0,37997.98,10882.02
O1650,2025-04-02,C080,Ravi,Furniture,Cabinet,Storage Cabinet,West,Pune,9,54244,0.05,463786.2,345503.34,118282.86
O1651,2025-01-18,C047,Amit,Furniture,Desk,Study Desk,East,Bhubaneswar,6,41215,0.2,197832.0,120108.9,77723.1
O1652,2025-08-15,C040,Arjun,Technology,Laptop,Lenovo Laptop,East,Kolkata,1,47440,0.1,42696.0,37497.19,5198.81
O1653,2025-12-20,C085,Ravi,Technology,Monitor,Dell Monitor,North,Delhi,7,38967,0.15,231853.65,138218.42,93635.23
O1654,2025-12-03,C066,Arjun,Office Supplies,Printer Paper,A4 Paper,North,Lucknow,5,31792,0.0,158960.0,145263.71,13696.29
O1655,2025-09-15,C063,Sneha,Office Supplies,Printer Paper,A4 Paper,North,Lucknow,4,35244,0.0,140976.0,78892.49,62083.51
O1656,2025-02-08,C036,Ravi,Office Supplies,Notebook,Classmate Notebook,West,Pune,5,9049,0.1,40720.5,26251.94,14468.56
O1657,2025-11-03,C024,Kiran,Technology,Keyboard,HP Keyboard,South,Hyderabad,4,19259,0.2,61628.8,39498.17,22130.63
O1658,2025-07-28,C001,Anjali,Furniture,Table,Office Table,West,Pune,1,37761,0.1,33984.9,21008.96,12975.94
O1659,2025-03-17,C020,Rahul,Office Supplies,Printer Paper,Premium Paper,East,Kolkata,3,51001,0.1,137702.7,94578.04,43124.66
O1660,2025-01-27,C092,Priya,Technology,Laptop,Dell Laptop,South,Chennai,7,3039,0.05,20209.35,17944.27,2265.08
O1661,2025-02-07,C059,Anjali,Office Supplies,File,Office File,South,Chennai,8,27545,0.05,209342.0,146291.84,63050.16
O1662,2025-08-08,C030,Sneha,Office Supplies,Notebook,Spiral Notebook,East,Patna,3,35462,0.05,101066.7,65597.61,35469.09
O1663,2025-11-07,C068,Ravi,Office Supplies,Printer Paper,Premium Paper,South,Chennai,6,11522,0.15,58762.2,37732.84,21029.36
O1664,2025-12-25,C018,Priya,Technology,Laptop,Lenovo Laptop,South,Bangalore,5,38607,0.05,183383.25,101359.34,82023.91
O1665,2025-09-09,C034,Amit,Furniture,Desk,Study Desk,East,Bhubaneswar,1,38183,0.0,38183.0,31936.03,6246.97
O1666,2025-01-03,C086,Amit,Furniture,Table,Office Table,North,Lucknow,2,35471,0.05,67394.9,48319.22,19075.68
O1667,2025-01-04,C010,Neha,Furniture,Desk,Office Desk,South,Hyderabad,1,46698,0.2,37358.4,28688.28,8670.12
O1668,2025-01-04,C024,Arjun,Technology,Keyboard,HP Keyboard,West,Mumbai,9,45872,0.1,371563.2,225066.16,146497.04
O1669,2025-11-20,C046,Amit,Office Supplies,Printer Paper,A4 Paper,South,Chennai,3,42562,0.15,108533.1,78457.76,30075.34
O1670,2025-06-29,C066,Sneha,Technology,Keyboard,HP Keyboard,South,Bangalore,1,51276,0.05,48712.2,26983.2,21729.0
O1671,2025-08-04,C069,Sneha,Office Supplies,File,Document File,North,Lucknow,7,58278,0.1,367151.4,321785.05,45366.35
O1672,2025-12-19,C057,Ravi,Office Supplies,File,Office File,South,Hyderabad,5,57936,0.15,246228.0,187771.43,58456.57
O1673,2025-11-23,C056,Vikram,Furniture,Cabinet,Storage Cabinet,South,Bangalore,3,53211,0.2,127706.4,96713.57,30992.83
O1674,2025-01-20,C057,Priya,Furniture,Cabinet,Storage Cabinet,West,Ahmedabad,7,53328,0.05,354631.2,326920.26,27710.94
O1675,2025-04-01,C070,Amit,Furniture,Cabinet,File Cabinet,East,Patna,7,48884,0.2,273750.4,245576.24,28174.16
O1676,2025-10-16,C022,Priya,Furniture,Cabinet,Storage Cabinet,East,Kolkata,1,20416,0.2,16332.8,13979.41,2353.39
O1677,2025-11-16,C010,Vikram,Office Supplies,Notebook,Classmate Notebook,North,Jaipur,6,47576,0.2,228364.8,165337.45,63027.35
O1678,2025-01-02,C094,Anjali,Office Supplies,Printer Paper,Premium Paper,North,Lucknow,1,26739,0.1,24065.1,17938.53,6126.57
O1679,2025-11-10,C027,Vikram,Office Supplies,Notebook,Classmate Notebook,East,Kolkata,7,19191,0.2,107469.6,62344.35,45125.25
O1680,2025-08-12,C026,Arjun,Office Supplies,Pen,Parker Pen,South,Bangalore,6,35368,0.15,180376.8,143246.31,37130.49
O1681,2025-03-05,C029,Sneha,Technology,Keyboard,Logitech Keyboard,North,Delhi,3,23690,0.15,60409.5,44437.24,15972.26
O1682,2025-04-21,C082,Rahul,Office Supplies,Notebook,Spiral Notebook,North,Lucknow,1,59512,0.05,56536.4,32571.23,23965.17
O1683,2025-02-20,C002,Priya,Office Supplies,File,Office File,West,Ahmedabad,1,40078,0.15,34066.3,19280.82,14785.48
O1684,2025-08-18,C061,Vikram,Furniture,Cabinet,File Cabinet,East,Bhubaneswar,5,35692,0.05,169537.0,124685.79,44851.21
O1685,2025-08-06,C061,Kiran,Furniture,Cabinet,Storage Cabinet,North,Delhi,1,20050,0.0,20050.0,18895.48,1154.52
O1686,2025-05-24,C037,Arjun,Technology,Mobile,OnePlus Mobile,West,Pune,8,15720,0.1,113184.0,66893.07,46290.93
O1687,2025-07-05,C062,Amit,Office Supplies,File,Office File,East,Patna,5,57253,0.1,257638.5,226336.39,31302.11
O1688,2025-12-07,C064,Ravi,Furniture,Chair,Office Chair,East,Kolkata,5,15267,0.2,61068.0,39798.24,21269.76
O1689,2025-03-21,C036,Sneha,Furniture,Table,Office Table,North,Delhi,9,48833,0.05,417522.15,355414.7,62107.45
O1690,2025-06-15,C031,Kiran,Technology,Mobile,Samsung Mobile,North,Lucknow,7,3915,0.2,21924.0,12211.65,9712.35
O1691,2025-11-01,C043,Ravi,Technology,Laptop,Dell Laptop,South,Bangalore,8,26672,0.05,202707.2,147225.35,55481.85
O1692,2025-01-25,C073,Kiran,Office Supplies,Notebook,Classmate Notebook,North,Lucknow,4,49534,0.05,188229.2,113303.21,74925.99
O1693,2025-05-05,C058,Amit,Office Supplies,Notebook,Classmate Notebook,North,Jaipur,4,37628,0.2,120409.6,105375.3,15034.3
O1694,2025-04-13,C024,Sneha,Technology,Mobile,OnePlus Mobile,North,Jaipur,7,25701,0.15,152920.95,125262.55,27658.4
O1695,2025-09-16,C046,Neha,Technology,Laptop,Dell Laptop,West,Mumbai,5,29399,0.2,117596.0,91950.33,25645.67
O1696,2025-01-16,C059,Rahul,Office Supplies,Printer Paper,Premium Paper,East,Kolkata,1,5677,0.1,5109.3,4804.96,304.34
O1697,2025-08-06,C068,Kiran,Office Supplies,Pen,Parker Pen,East,Patna,9,36933,0.1,299157.3,264179.08,34978.22
O1698,2025-08-03,C071,Neha,Office Supplies,Notebook,Spiral Notebook,West,Pune,2,9418,0.0,18836.0,13031.11,5804.89
O1699,2025-05-12,C020,Priya,Office Supplies,Printer Paper,A4 Paper,South,Chennai,1,22472,0.05,21348.4,19486.7,1861.7
O1700,2025-11-06,C036,Anjali,Technology,Keyboard,HP Keyboard,East,Kolkata,1,19743,0.1,17768.7,11931.58,5837.12
O1701,2025-04-17,C053,Sneha,Office Supplies,Notebook,Spiral Notebook,North,Lucknow,1,46819,0.1,42137.1,25371.94,16765.16
O1702,2025-10-27,C047,Neha,Technology,Mobile,OnePlus Mobile,East,Kolkata,2,59001,0.05,112101.9,92018.81,20083.09
O1703,2025-09-01,C048,Rahul,Technology,Mobile,OnePlus Mobile,South,Hyderabad,3,38060,0.0,114180.0,70271.68,43908.32
O1704,2025-07-30,C082,Sneha,Office Supplies,Pen,Parker Pen,North,Lucknow,3,10295,0.05,29340.75,17393.54,11947.21
O1705,2025-06-20,C081,Kiran,Technology,Monitor,LG Monitor,West,Ahmedabad,5,8797,0.05,41785.75,30491.47,11294.28
O1706,2025-07-04,C029,Priya,Technology,Mobile,Samsung Mobile,South,Hyderabad,4,37063,0.05,140839.4,92559.5,48279.9
O1707,2025-06-21,C080,Arjun,Furniture,Chair,Office Chair,North,Jaipur,4,59573,0.05,226377.4,137736.75,88640.65
O1708,2025-11-09,C077,Sneha,Office Supplies,Pen,Cello Pen,North,Jaipur,2,31773,0.15,54014.1,47417.4,6596.7
O1709,2025-03-10,C031,Anjali,Office Supplies,Pen,Parker Pen,East,Kolkata,8,29583,0.05,224830.8,195163.05,29667.75
O1710,2025-07-04,C030,Anjali,Furniture,Cabinet,File Cabinet,North,Lucknow,2,18735,0.2,29976.0,26270.44,3705.56
O1711,2025-10-27,C035,Neha,Furniture,Table,Computer Table,West,Pune,4,34428,0.1,123940.8,76423.81,47516.99
O1712,2025-12-18,C082,Kiran,Office Supplies,Notebook,Spiral Notebook,South,Chennai,9,24847,0.15,190079.55,164343.21,25736.34
O1713,2025-09-12,C070,Amit,Furniture,Table,Computer Table,North,Lucknow,9,40197,0.2,289418.4,217067.73,72350.67
O1714,2025-07-07,C058,Rahul,Office Supplies,File,Office File,West,Pune,9,6369,0.2,45856.8,31545.26,14311.54
O1715,2025-04-14,C052,Amit,Furniture,Cabinet,File Cabinet,East,Bhubaneswar,7,39997,0.05,265980.05,161642.68,104337.37
O1716,2025-04-25,C020,Ravi,Technology,Monitor,LG Monitor,North,Lucknow,8,9925,0.0,79400.0,74130.52,5269.48
O1717,2025-01-26,C027,Arjun,Technology,Monitor,Dell Monitor,West,Ahmedabad,8,10550,0.1,75960.0,42384.86,33575.14
O1718,2025-01-16,C023,Neha,Furniture,Table,Office Table,West,Mumbai,1,24630,0.2,19704.0,16608.26,3095.74
O1719,2025-09-26,C028,Rahul,Furniture,Cabinet,Storage Cabinet,East,Kolkata,5,7956,0.05,37791.0,29819.1,7971.9
O1720,2025-02-08,C033,Vikram,Office Supplies,File,Office File,West,Pune,2,12504,0.05,23757.6,16475.82,7281.78
O1721,2025-08-04,C018,Anjali,Technology,Laptop,HP Laptop,North,Delhi,6,27281,0.05,155501.7,113586.53,41915.17
O1722,2025-04-09,C014,Amit,Furniture,Chair,Office Chair,North,Delhi,6,59441,0.05,338813.7,258590.11,80223.59
O1723,2025-07-02,C009,Sneha,Office Supplies,File,Document File,West,Pune,9,45880,0.0,412920.0,257105.7,155814.3
O1724,2025-04-30,C059,Amit,Furniture,Chair,Office Chair,North,Lucknow,2,4998,0.1,8996.4,5251.07,3745.33
O1725,2025-05-13,C067,Anjali,Office Supplies,Printer Paper,Premium Paper,South,Bangalore,3,19765,0.0,59295.0,36757.8,22537.2
O1726,2025-10-20,C045,Ravi,Furniture,Cabinet,File Cabinet,South,Bangalore,2,38511,0.2,61617.6,46438.92,15178.68
O1727,2025-10-26,C080,Vikram,Office Supplies,Pen,Cello Pen,West,Ahmedabad,3,47699,0.15,121632.45,76959.17,44673.28
O1728,2025-08-20,C026,Arjun,Technology,Keyboard,HP Keyboard,East,Patna,2,52987,0.05,100675.3,82765.19,17910.11
O1729,2025-10-21,C087,Kiran,Furniture,Table,Computer Table,South,Hyderabad,5,15782,0.05,74964.5,68188.43,6776.07
O1730,2025-01-17,C040,Vikram,Technology,Laptop,Dell Laptop,West,Pune,6,3171,0.15,16172.1,12024.78,4147.32
O1731,2025-09-24,C069,Arjun,Office Supplies,Printer Paper,A4 Paper,East,Bhubaneswar,8,18833,0.2,120531.2,80232.81,40298.39
O1732,2025-01-31,C011,Neha,Office Supplies,Notebook,Spiral Notebook,East,Patna,1,55818,0.2,44654.4,42115.53,2538.87
O1733,2025-06-29,C045,Kiran,Technology,Mobile,Samsung Mobile,West,Ahmedabad,2,33738,0.2,53980.8,47452.52,6528.28
O1734,2025-01-26,C070,Anjali,Technology,Keyboard,Logitech Keyboard,South,Chennai,4,10325,0.0,41300.0,31028.2,10271.8
O1735,2025-11-09,C035,Kiran,Technology,Monitor,Dell Monitor,South,Bangalore,5,16496,0.1,74232.0,59032.74,15199.26
O1736,2025-03-10,C088,Ravi,Furniture,Table,Office Table,South,Hyderabad,6,51686,0.15,263598.6,248198.89,15399.71
O1737,2025-07-24,C039,Anjali,Furniture,Chair,Executive Chair,East,Bhubaneswar,4,57951,0.05,220213.8,144079.3,76134.5
O1738,2025-06-27,C077,Priya,Furniture,Cabinet,Storage Cabinet,North,Lucknow,9,37963,0.05,324583.65,180587.99,143995.66
O1739,2025-11-01,C018,Neha,Office Supplies,Printer Paper,A4 Paper,West,Mumbai,6,15667,0.0,94002.0,80396.15,13605.85
O1740,2025-10-16,C025,Kiran,Furniture,Chair,Executive Chair,West,Ahmedabad,2,22144,0.2,35430.4,20986.09,14444.31
O1741,2025-03-18,C082,Neha,Technology,Monitor,Dell Monitor,West,Mumbai,4,55158,0.2,176505.6,131883.76,44621.84
O1742,2025-01-19,C091,Amit,Furniture,Table,Office Table,West,Pune,9,9220,0.2,66384.0,55790.74,10593.26
O1743,2025-01-11,C091,Vikram,Office Supplies,Printer Paper,A4 Paper,North,Delhi,4,58285,0.05,221483.0,190313.05,31169.95
O1744,2025-01-12,C035,Rahul,Technology,Laptop,HP Laptop,West,Mumbai,7,42355,0.1,266836.5,204835.29,62001.21
O1745,2025-03-07,C009,Kiran,Technology,Mobile,Apple iPhone,East,Kolkata,9,15593,0.1,126303.3,107838.78,18464.52
O1746,2025-10-28,C098,Vikram,Technology,Mobile,Apple iPhone,East,Bhubaneswar,7,13380,0.0,93660.0,86927.98,6732.02
O1747,2025-09-30,C014,Ravi,Technology,Mobile,OnePlus Mobile,North,Lucknow,8,23966,0.2,153382.4,92129.88,61252.52
O1748,2025-04-26,C082,Priya,Furniture,Cabinet,Storage Cabinet,South,Bangalore,6,12222,0.0,73332.0,49764.06,23567.94
O1749,2025-02-22,C092,Arjun,Technology,Mobile,Samsung Mobile,East,Patna,8,9207,0.05,69973.2,53265.51,16707.69
O1750,2025-04-11,C037,Priya,Office Supplies,File,Office File,West,Mumbai,7,26823,0.1,168984.9,103166.25,65818.65
O1751,2025-02-28,C090,Arjun,Office Supplies,Pen,Cello Pen,North,Lucknow,4,29159,0.05,110804.2,65906.86,44897.34
O1752,2025-02-19,C014,Amit,Office Supplies,Printer Paper,Premium Paper,North,Lucknow,8,9728,0.1,70041.6,60464.39,9577.21
O1753,2025-10-08,C021,Vikram,Furniture,Desk,Office Desk,West,Ahmedabad,3,41994,0.15,107084.7,88022.41,19062.29
O1754,2025-11-02,C023,Kiran,Office Supplies,File,Office File,East,Bhubaneswar,5,3871,0.15,16451.75,11030.41,5421.34
O1755,2025-12-19,C072,Arjun,Furniture,Cabinet,File Cabinet,South,Bangalore,3,12488,0.2,29971.2,18188.7,11782.5
O1756,2025-01-12,C066,Priya,Technology,Keyboard,Logitech Keyboard,West,Ahmedabad,2,1641,0.1,2953.8,2667.17,286.63
O1757,2025-10-10,C082,Ravi,Office Supplies,File,Office File,South,Bangalore,1,42499,0.1,38249.1,22411.25,15837.85
O1758,2025-01-24,C065,Priya,Technology,Keyboard,HP Keyboard,North,Jaipur,8,50322,0.1,362318.4,291836.26,70482.14
O1759,2025-04-03,C042,Priya,Technology,Monitor,Samsung Monitor,West,Mumbai,2,59374,0.05,112810.6,66125.92,46684.68
O1760,2025-04-10,C005,Rahul,Furniture,Table,Computer Table,East,Bhubaneswar,6,52560,0.2,252288.0,179222.4,73065.6
O1761,2025-04-02,C039,Neha,Technology,Mobile,OnePlus Mobile,East,Patna,9,40328,0.05,344804.4,239515.94,105288.46
O1762,2025-01-07,C028,Kiran,Office Supplies,Pen,Parker Pen,North,Jaipur,4,5709,0.05,21694.2,15011.79,6682.41
O1763,2025-11-19,C087,Neha,Office Supplies,Printer Paper,A4 Paper,West,Pune,4,42678,0.15,145105.2,117577.26,27527.94
O1764,2025-07-29,C041,Vikram,Office Supplies,Notebook,Classmate Notebook,North,Jaipur,3,2205,0.0,6615.0,5641.08,973.92
O1765,2025-07-10,C068,Arjun,Technology,Keyboard,HP Keyboard,East,Kolkata,3,52362,0.1,141377.4,78780.07,62597.33
O1766,2025-01-22,C003,Kiran,Office Supplies,File,Document File,South,Bangalore,1,45907,0.05,43611.65,32237.57,11374.08
O1767,2025-08-09,C094,Priya,Technology,Mobile,Apple iPhone,East,Bhubaneswar,6,3945,0.1,21303.0,14621.93,6681.07
O1768,2025-12-19,C006,Ravi,Technology,Monitor,LG Monitor,South,Hyderabad,2,16719,0.2,26750.4,21367.54,5382.86
O1769,2025-09-21,C057,Vikram,Technology,Monitor,Samsung Monitor,South,Bangalore,4,31108,0.2,99545.6,58831.3,40714.3
O1770,2025-08-30,C025,Arjun,Furniture,Chair,Executive Chair,West,Ahmedabad,2,50474,0.2,80758.4,76482.26,4276.14
O1771,2025-10-29,C038,Ravi,Furniture,Desk,Study Desk,East,Bhubaneswar,6,44782,0.1,241822.8,194056.81,47765.99
O1772,2025-08-09,C009,Rahul,Furniture,Chair,Office Chair,East,Bhubaneswar,1,3332,0.15,2832.2,2382.93,449.27
O1773,2025-04-25,C013,Rahul,Technology,Laptop,Dell Laptop,South,Chennai,5,21800,0.05,103550.0,85325.45,18224.55
O1774,2025-01-12,C010,Anjali,Technology,Monitor,LG Monitor,East,Bhubaneswar,9,468,0.0,4212.0,3005.18,1206.82
O1775,2025-11-08,C001,Ravi,Technology,Laptop,Dell Laptop,West,Pune,6,4359,0.2,20923.2,13542.54,7380.66
O1776,2025-11-04,C080,Neha,Furniture,Cabinet,File Cabinet,North,Lucknow,4,5634,0.1,20282.4,17692.45,2589.95
O1777,2025-12-28,C062,Vikram,Furniture,Chair,Office Chair,East,Kolkata,7,8687,0.1,54728.1,42561.61,12166.49
O1778,2025-05-25,C002,Priya,Technology,Laptop,HP Laptop,South,Hyderabad,7,54746,0.15,325738.7,289709.68,36029.02
O1779,2025-07-20,C023,Ravi,Office Supplies,File,Office File,East,Patna,1,11639,0.05,11057.05,9018.18,2038.87
O1780,2025-12-29,C054,Kiran,Furniture,Desk,Office Desk,South,Bangalore,5,10960,0.2,43840.0,41084.47,2755.53
O1781,2025-06-16,C037,Neha,Technology,Keyboard,Logitech Keyboard,South,Bangalore,3,20554,0.1,55495.8,52539.69,2956.11
O1782,2025-10-25,C076,Ravi,Furniture,Table,Computer Table,East,Kolkata,4,35518,0.0,142072.0,117544.74,24527.26
O1783,2025-06-15,C038,Kiran,Office Supplies,Printer Paper,Premium Paper,South,Hyderabad,2,39031,0.0,78062.0,63552.95,14509.05
O1784,2025-06-25,C012,Anjali,Technology,Laptop,HP Laptop,West,Ahmedabad,1,22706,0.0,22706.0,15312.99,7393.01
O1785,2025-07-01,C062,Kiran,Office Supplies,Pen,Parker Pen,East,Bhubaneswar,4,44294,0.05,168317.2,110232.57,58084.63
O1786,2025-05-01,C076,Kiran,Furniture,Cabinet,Storage Cabinet,South,Chennai,4,58553,0.1,210790.8,137194.79,73596.01
O1787,2025-02-15,C022,Ravi,Furniture,Desk,Study Desk,South,Bangalore,9,3485,0.1,28228.5,25396.27,2832.23
O1788,2025-04-14,C033,Amit,Office Supplies,Printer Paper,A4 Paper,North,Lucknow,5,39701,0.05,188579.75,176798.4,11781.35
O1789,2025-07-31,C034,Rahul,Furniture,Table,Office Table,North,Delhi,6,6561,0.0,39366.0,33007.99,6358.01
O1790,2025-08-07,C059,Rahul,Furniture,Chair,Office Chair,North,Lucknow,4,37475,0.05,142405.0,126852.62,15552.38
O1791,2025-06-24,C034,Sneha,Office Supplies,File,Document File,North,Lucknow,6,17321,0.1,93533.4,71910.83,21622.57
O1792,2025-11-16,C083,Amit,Technology,Laptop,HP Laptop,East,Kolkata,8,42870,0.1,308664.0,229336.5,79327.5
O1793,2025-11-23,C055,Rahul,Furniture,Cabinet,Storage Cabinet,West,Ahmedabad,1,32724,0.15,27815.4,16030.55,11784.85
O1794,2025-04-04,C071,Rahul,Technology,Keyboard,Logitech Keyboard,South,Bangalore,9,30698,0.05,262467.9,226296.79,36171.11
O1795,2025-05-21,C023,Arjun,Office Supplies,Pen,Cello Pen,West,Mumbai,3,37410,0.15,95395.5,81905.56,13489.94
O1796,2025-05-08,C062,Priya,Furniture,Chair,Office Chair,East,Kolkata,2,42538,0.1,76568.4,57685.99,18882.41
O1797,2025-01-16,C039,Kiran,Office Supplies,File,Office File,West,Pune,7,43303,0.1,272808.9,201518.34,71290.56
O1798,2025-07-22,C088,Amit,Technology,Laptop,Lenovo Laptop,West,Pune,8,7344,0.2,47001.6,36278.1,10723.5
O1799,2025-12-25,C066,Arjun,Technology,Mobile,Apple iPhone,South,Bangalore,3,16809,0.1,45384.3,41086.81,4297.49
O1800,2025-04-25,C006,Priya,Furniture,Table,Office Table,South,Hyderabad,7,46332,0.0,324324.0,250914.77,73409.23
O1801,2025-07-25,C031,Rahul,Furniture,Cabinet,File Cabinet,South,Hyderabad,5,29111,0.0,145555.0,80549.88,65005.12
O1802,2025-12-08,C005,Sneha,Office Supplies,Pen,Parker Pen,East,Kolkata,5,23284,0.2,93136.0,58072.64,35063.36
O1803,2025-06-16,C084,Rahul,Furniture,Cabinet,File Cabinet,South,Chennai,5,36954,0.0,184770.0,156870.69,27899.31
O1804,2025-12-10,C003,Anjali,Furniture,Cabinet,Storage Cabinet,South,Hyderabad,8,34231,0.2,219078.4,152959.79,66118.61
O1805,2025-10-16,C005,Vikram,Office Supplies,Notebook,Spiral Notebook,West,Pune,2,38649,0.0,77298.0,57067.6,20230.4
O1806,2025-04-04,C099,Rahul,Technology,Monitor,Dell Monitor,East,Bhubaneswar,8,24486,0.1,176299.2,157216.54,19082.66
O1807,2025-12-29,C070,Sneha,Technology,Laptop,Dell Laptop,West,Ahmedabad,9,5852,0.05,50034.6,29855.6,20179.0
O1808,2025-01-22,C088,Anjali,Office Supplies,File,Office File,West,Pune,9,41808,0.2,301017.6,169935.36,131082.24
O1809,2025-08-15,C065,Sneha,Technology,Monitor,LG Monitor,East,Patna,8,47379,0.2,303225.6,245839.32,57386.28
O1810,2025-10-14,C033,Priya,Furniture,Cabinet,Storage Cabinet,West,Pune,2,17034,0.1,30661.2,26893.41,3767.79
O1811,2025-08-18,C015,Arjun,Technology,Mobile,Samsung Mobile,East,Patna,7,56672,0.0,396704.0,282782.79,113921.21
O1812,2025-02-26,C050,Priya,Office Supplies,File,Document File,West,Ahmedabad,4,25279,0.05,96060.2,60116.61,35943.59
O1813,2025-06-03,C071,Amit,Office Supplies,File,Document File,North,Delhi,8,41573,0.15,282696.4,202746.3,79950.1
O1814,2025-08-01,C020,Neha,Furniture,Table,Office Table,West,Mumbai,2,31195,0.0,62390.0,54487.88,7902.12
O1815,2025-12-19,C024,Sneha,Technology,Keyboard,HP Keyboard,West,Pune,4,11445,0.0,45780.0,27565.38,18214.62
O1816,2025-08-26,C065,Rahul,Technology,Monitor,Samsung Monitor,West,Mumbai,8,44848,0.05,340844.8,193386.25,147458.55
O1817,2025-02-11,C028,Arjun,Office Supplies,File,Office File,West,Mumbai,5,5044,0.05,23959.0,17019.34,6939.66
O1818,2025-05-10,C081,Ravi,Furniture,Desk,Study Desk,North,Lucknow,3,53732,0.2,128956.8,112649.36,16307.44
O1819,2025-12-06,C053,Arjun,Office Supplies,File,Document File,West,Mumbai,6,45957,0.0,275742.0,239728.36,36013.64
O1820,2025-05-14,C083,Neha,Technology,Keyboard,Logitech Keyboard,South,Chennai,2,17357,0.1,31242.6,17340.62,13901.98
O1821,2025-07-11,C090,Amit,Technology,Keyboard,Logitech Keyboard,West,Mumbai,7,23862,0.2,133627.2,75374.13,58253.07
O1822,2025-12-29,C074,Ravi,Furniture,Cabinet,File Cabinet,South,Hyderabad,2,45953,0.15,78120.1,43094.37,35025.73
O1823,2025-02-27,C083,Anjali,Technology,Keyboard,Logitech Keyboard,South,Hyderabad,2,49246,0.05,93567.4,56808.36,36759.04
O1824,2025-04-21,C015,Arjun,Office Supplies,Notebook,Classmate Notebook,South,Chennai,1,15501,0.2,12400.8,8972.66,3428.14
O1825,2025-04-15,C006,Neha,Technology,Laptop,Dell Laptop,North,Jaipur,9,27962,0.15,213909.3,156118.14,57791.16
O1826,2025-10-20,C031,Priya,Furniture,Desk,Office Desk,East,Kolkata,1,53572,0.1,48214.8,38124.91,10089.89
O1827,2025-06-03,C036,Kiran,Technology,Mobile,Samsung Mobile,North,Jaipur,4,22023,0.2,70473.6,63603.76,6869.84
O1828,2025-05-07,C082,Vikram,Furniture,Cabinet,Storage Cabinet,East,Patna,8,47945,0.05,364382.0,202599.68,161782.32
O1829,2025-05-18,C087,Anjali,Furniture,Desk,Study Desk,South,Bangalore,5,23716,0.15,100793.0,66499.66,34293.34
O1830,2025-03-06,C077,Rahul,Furniture,Cabinet,Storage Cabinet,East,Kolkata,2,27040,0.05,51376.0,34493.93,16882.07
O1831,2025-12-20,C013,Vikram,Technology,Keyboard,Logitech Keyboard,South,Bangalore,7,38483,0.2,215504.8,126979.27,88525.53
O1832,2025-07-24,C059,Priya,Office Supplies,Notebook,Classmate Notebook,East,Patna,1,13906,0.0,13906.0,10019.65,3886.35
O1833,2025-05-12,C100,Amit,Technology,Mobile,OnePlus Mobile,West,Mumbai,4,45715,0.0,182860.0,137780.18,45079.82
O1834,2025-03-15,C094,Amit,Furniture,Chair,Office Chair,South,Chennai,7,52783,0.05,351006.95,323927.34,27079.61
O1835,2025-02-22,C044,Ravi,Furniture,Table,Computer Table,North,Jaipur,1,10072,0.05,9568.4,5603.29,3965.11
O1836,2025-10-03,C020,Kiran,Furniture,Table,Office Table,North,Lucknow,6,48606,0.1,262472.4,161094.52,101377.88
O1837,2025-09-04,C068,Amit,Furniture,Chair,Executive Chair,North,Jaipur,9,58321,0.1,472400.1,418064.81,54335.29
O1838,2025-11-22,C063,Anjali,Furniture,Cabinet,Storage Cabinet,West,Ahmedabad,1,18806,0.2,15044.8,11900.08,3144.72
O1839,2025-01-23,C047,Anjali,Office Supplies,Printer Paper,A4 Paper,North,Jaipur,9,12918,0.05,110448.9,71081.5,39367.4
O1840,2025-07-01,C098,Ravi,Furniture,Table,Computer Table,South,Hyderabad,3,8972,0.2,21532.8,18155.06,3377.74
O1841,2025-04-15,C065,Anjali,Office Supplies,Notebook,Spiral Notebook,North,Jaipur,6,47883,0.05,272933.1,179108.26,93824.84
O1842,2025-06-12,C066,Anjali,Furniture,Desk,Study Desk,West,Pune,6,4591,0.2,22036.8,19542.09,2494.71
O1843,2025-07-05,C082,Anjali,Office Supplies,Notebook,Spiral Notebook,East,Patna,2,16404,0.05,31167.6,18580.91,12586.69
O1844,2025-08-16,C017,Arjun,Office Supplies,Notebook,Classmate Notebook,East,Patna,3,57382,0.15,146324.1,83542.12,62781.98
O1845,2025-07-22,C052,Ravi,Technology,Mobile,OnePlus Mobile,South,Hyderabad,4,51590,0.2,165088.0,110071.91,55016.09
O1846,2025-05-19,C077,Anjali,Office Supplies,Printer Paper,Premium Paper,North,Lucknow,5,8727,0.15,37089.75,33423.02,3666.73
O1847,2025-07-30,C077,Vikram,Technology,Laptop,HP Laptop,North,Jaipur,7,15935,0.05,105967.75,63739.79,42227.96
O1848,2025-05-23,C096,Rahul,Technology,Mobile,OnePlus Mobile,North,Jaipur,9,44868,0.2,323049.6,178286.22,144763.38
O1849,2025-01-03,C012,Sneha,Technology,Keyboard,HP Keyboard,North,Delhi,2,43828,0.1,78890.4,57488.13,21402.27
O1850,2025-11-28,C015,Priya,Furniture,Cabinet,File Cabinet,South,Hyderabad,1,58774,0.0,58774.0,55105.75,3668.25
O1851,2025-03-05,C046,Ravi,Office Supplies,Printer Paper,Premium Paper,West,Pune,1,49040,0.15,41684.0,24187.23,17496.77
O1852,2025-05-30,C020,Rahul,Technology,Mobile,Apple iPhone,South,Bangalore,9,59031,0.0,531279.0,435071.31,96207.69
O1853,2025-09-29,C048,Sneha,Technology,Mobile,Samsung Mobile,North,Delhi,7,50408,0.2,282284.8,208405.89,73878.91
O1854,2025-12-27,C082,Arjun,Technology,Monitor,Dell Monitor,North,Lucknow,6,45465,0.15,231871.5,181299.13,50572.37
O1855,2025-03-12,C083,Anjali,Furniture,Chair,Office Chair,West,Mumbai,9,21374,0.1,173129.4,152786.4,20343.0
O1856,2025-11-25,C041,Neha,Technology,Monitor,Samsung Monitor,West,Mumbai,7,12463,0.15,74154.85,48162.85,25992.0
O1857,2025-11-03,C064,Sneha,Furniture,Table,Office Table,West,Ahmedabad,5,11763,0.0,58815.0,53581.46,5233.54
O1858,2025-10-27,C068,Rahul,Technology,Mobile,Samsung Mobile,North,Lucknow,3,752,0.2,1804.8,1047.72,757.08
O1859,2025-07-09,C018,Kiran,Office Supplies,Printer Paper,A4 Paper,North,Jaipur,9,26064,0.15,199389.6,178527.87,20861.73
O1860,2025-07-09,C089,Arjun,Office Supplies,Printer Paper,A4 Paper,East,Kolkata,9,21614,0.0,194526.0,118708.4,75817.6
O1861,2025-05-27,C023,Anjali,Technology,Mobile,Samsung Mobile,South,Hyderabad,8,29608,0.2,189491.2,127162.18,62329.02
O1862,2025-12-11,C016,Vikram,Furniture,Table,Computer Table,East,Kolkata,2,8305,0.0,16610.0,11819.52,4790.48
O1863,2025-10-10,C074,Arjun,Office Supplies,Printer Paper,Premium Paper,North,Delhi,8,39634,0.1,285364.8,201250.53,84114.27
O1864,2025-11-17,C068,Rahul,Office Supplies,Notebook,Spiral Notebook,East,Patna,4,1009,0.2,3228.8,2426.37,802.43
O1865,2025-06-01,C088,Amit,Technology,Mobile,Samsung Mobile,West,Ahmedabad,4,54066,0.2,173011.2,128663.9,44347.3
O1866,2025-12-17,C044,Vikram,Office Supplies,Pen,Parker Pen,West,Mumbai,4,32483,0.15,110442.2,80725.03,29717.17
O1867,2025-07-23,C053,Neha,Office Supplies,Notebook,Spiral Notebook,South,Chennai,6,37706,0.0,226236.0,212004.85,14231.15
O1868,2025-09-10,C039,Kiran,Furniture,Table,Computer Table,West,Ahmedabad,7,35997,0.0,251979.0,163256.7,88722.3
O1869,2025-11-20,C009,Neha,Office Supplies,File,Document File,West,Ahmedabad,5,55191,0.2,220764.0,201609.07,19154.93
O1870,2025-08-10,C033,Amit,Furniture,Chair,Executive Chair,West,Ahmedabad,8,38799,0.1,279352.8,199460.56,79892.24
O1871,2025-11-22,C030,Neha,Technology,Laptop,HP Laptop,North,Lucknow,2,58282,0.05,110735.8,81318.56,29417.24
O1872,2025-09-26,C058,Arjun,Office Supplies,Printer Paper,Premium Paper,North,Lucknow,9,464,0.0,4176.0,3940.67,235.33
O1873,2025-04-06,C006,Kiran,Office Supplies,Notebook,Classmate Notebook,East,Patna,4,3973,0.0,15892.0,13317.24,2574.76
O1874,2025-03-19,C019,Amit,Technology,Keyboard,HP Keyboard,West,Mumbai,5,32985,0.05,156678.75,103116.46,53562.29
O1875,2025-03-14,C096,Kiran,Technology,Laptop,HP Laptop,North,Jaipur,2,33471,0.2,53553.6,44434.77,9118.83
O1876,2025-02-20,C019,Kiran,Office Supplies,Pen,Cello Pen,East,Bhubaneswar,8,38240,0.2,244736.0,214667.8,30068.2
O1877,2025-09-30,C068,Sneha,Office Supplies,Pen,Parker Pen,East,Bhubaneswar,8,12879,0.15,87577.2,65733.4,21843.8
O1878,2025-10-09,C072,Arjun,Furniture,Chair,Office Chair,West,Ahmedabad,2,47196,0.0,94392.0,70867.08,23524.92
O1879,2025-11-03,C015,Ravi,Office Supplies,Notebook,Spiral Notebook,North,Delhi,7,15334,0.15,91237.3,54964.26,36273.04
O1880,2025-10-13,C005,Neha,Furniture,Table,Office Table,East,Patna,7,55021,0.0,385147.0,355719.83,29427.17
O1881,2025-02-17,C040,Amit,Office Supplies,File,Office File,West,Pune,7,11835,0.05,78702.75,48662.49,30040.26
O1882,2025-02-16,C079,Vikram,Furniture,Chair,Executive Chair,West,Ahmedabad,5,48028,0.0,240140.0,222149.15,17990.85
O1883,2025-12-15,C010,Anjali,Furniture,Cabinet,Storage Cabinet,South,Hyderabad,4,14036,0.05,53336.8,41316.49,12020.31
O1884,2025-01-02,C024,Neha,Office Supplies,File,Document File,East,Kolkata,3,19417,0.05,55338.45,47119.15,8219.3
O1885,2025-01-04,C029,Anjali,Furniture,Cabinet,File Cabinet,South,Chennai,7,35874,0.05,238562.1,147347.87,91214.23
O1886,2025-05-21,C009,Amit,Technology,Monitor,LG Monitor,North,Jaipur,1,3847,0.05,3654.65,3063.14,591.51
O1887,2025-05-08,C047,Vikram,Technology,Mobile,OnePlus Mobile,South,Chennai,8,32642,0.2,208908.8,130901.39,78007.41
O1888,2025-09-14,C065,Rahul,Technology,Mobile,OnePlus Mobile,East,Patna,2,15284,0.2,24454.4,14374.85,10079.55
O1889,2025-11-24,C049,Ravi,Furniture,Chair,Executive Chair,South,Bangalore,1,34700,0.0,34700.0,26647.96,8052.04
O1890,2025-08-22,C003,Rahul,Technology,Keyboard,Logitech Keyboard,East,Bhubaneswar,9,56868,0.0,511812.0,413088.9,98723.1
O1891,2025-03-02,C017,Rahul,Office Supplies,Printer Paper,A4 Paper,South,Chennai,2,34843,0.0,69686.0,50322.11,19363.89
O1892,2025-06-19,C015,Rahul,Furniture,Desk,Office Desk,South,Chennai,4,17460,0.05,66348.0,40510.96,25837.04
O1893,2025-07-20,C086,Rahul,Office Supplies,File,Document File,North,Delhi,6,13125,0.0,78750.0,53415.59,25334.41
O1894,2025-01-31,C091,Anjali,Furniture,Chair,Executive Chair,South,Bangalore,3,10878,0.05,31002.3,25255.6,5746.7
O1895,2025-09-04,C089,Sneha,Office Supplies,Notebook,Classmate Notebook,South,Hyderabad,5,13869,0.15,58943.25,38749.29,20193.96
O1896,2025-04-25,C027,Kiran,Furniture,Table,Office Table,West,Mumbai,3,42956,0.2,103094.4,85842.27,17252.13
O1897,2025-06-22,C026,Amit,Furniture,Chair,Office Chair,East,Kolkata,9,53063,0.1,429810.3,405728.74,24081.56
O1898,2025-06-17,C038,Kiran,Office Supplies,Pen,Parker Pen,East,Kolkata,4,44558,0.2,142585.6,89517.98,53067.62
O1899,2025-05-06,C042,Anjali,Technology,Laptop,Dell Laptop,West,Mumbai,2,57037,0.15,96962.9,64889.81,32073.09
O1900,2025-02-23,C086,Priya,Technology,Monitor,Samsung Monitor,North,Delhi,3,36970,0.0,110910.0,91340.01,19569.99
O1901,2025-10-14,C048,Kiran,Technology,Monitor,LG Monitor,North,Jaipur,1,9777,0.1,8799.3,5847.17,2952.13
O1902,2025-12-03,C095,Neha,Office Supplies,Printer Paper,A4 Paper,South,Bangalore,6,9934,0.0,59604.0,39967.86,19636.14
O1903,2025-08-04,C055,Anjali,Furniture,Table,Computer Table,South,Bangalore,4,7326,0.15,24908.4,18638.37,6270.03
O1904,2025-12-04,C043,Sneha,Technology,Monitor,LG Monitor,East,Patna,1,2680,0.1,2412.0,1794.77,617.23
O1905,2025-01-28,C053,Sneha,Office Supplies,Notebook,Classmate Notebook,East,Bhubaneswar,8,35890,0.2,229696.0,143607.38,86088.62
O1906,2025-10-01,C001,Arjun,Office Supplies,Notebook,Spiral Notebook,West,Mumbai,3,43693,0.05,124525.05,101651.51,22873.54
O1907,2025-03-30,C033,Sneha,Technology,Mobile,Apple iPhone,West,Mumbai,3,40102,0.2,96244.8,86074.07,10170.73
O1908,2025-12-07,C023,Sneha,Technology,Laptop,HP Laptop,North,Delhi,2,51006,0.0,102012.0,69966.38,32045.62
O1909,2025-09-24,C029,Neha,Technology,Laptop,Lenovo Laptop,West,Mumbai,9,5341,0.1,43262.1,35509.13,7752.97
O1910,2025-05-22,C044,Rahul,Office Supplies,Notebook,Spiral Notebook,South,Chennai,3,20241,0.0,60723.0,53935.41,6787.59
O1911,2025-11-21,C070,Anjali,Technology,Mobile,Samsung Mobile,East,Patna,3,11209,0.0,33627.0,22414.62,11212.38
O1912,2025-07-06,C052,Priya,Furniture,Chair,Office Chair,East,Bhubaneswar,8,39085,0.0,312680.0,280980.73,31699.27
O1913,2025-04-30,C067,Neha,Technology,Keyboard,Logitech Keyboard,West,Mumbai,1,52293,0.0,52293.0,45769.97,6523.03
O1914,2025-04-23,C092,Ravi,Office Supplies,Pen,Parker Pen,South,Bangalore,2,18115,0.2,28984.0,16782.6,12201.4
O1915,2025-05-02,C026,Rahul,Office Supplies,Printer Paper,Premium Paper,North,Delhi,1,39132,0.2,31305.6,27140.59,4165.01
O1916,2025-06-22,C090,Neha,Office Supplies,Pen,Cello Pen,North,Delhi,1,22827,0.15,19402.95,12412.99,6989.96
O1917,2025-04-25,C090,Anjali,Furniture,Table,Office Table,East,Bhubaneswar,1,16205,0.0,16205.0,9278.22,6926.78
O1918,2025-05-21,C002,Neha,Furniture,Desk,Study Desk,East,Bhubaneswar,3,25925,0.0,77775.0,51301.68,26473.32
O1919,2025-03-13,C042,Kiran,Office Supplies,Notebook,Classmate Notebook,South,Bangalore,6,53764,0.2,258067.2,223387.16,34680.04
O1920,2025-08-09,C070,Rahul,Technology,Laptop,Dell Laptop,South,Chennai,3,18257,0.15,46555.35,44026.77,2528.58
O1921,2025-08-16,C064,Ravi,Technology,Mobile,OnePlus Mobile,East,Patna,7,43414,0.05,288703.1,206010.13,82692.97
O1922,2025-05-08,C090,Ravi,Technology,Monitor,Dell Monitor,South,Hyderabad,1,14846,0.2,11876.8,7639.37,4237.43
O1923,2025-12-10,C072,Anjali,Furniture,Desk,Office Desk,East,Patna,1,33922,0.2,27137.6,24631.17,2506.43
O1924,2025-07-11,C064,Sneha,Furniture,Cabinet,Storage Cabinet,North,Lucknow,4,11319,0.0,45276.0,38417.84,6858.16
O1925,2025-09-22,C009,Anjali,Office Supplies,Printer Paper,A4 Paper,West,Ahmedabad,4,16580,0.1,59688.0,42243.37,17444.63
O1926,2025-02-02,C001,Amit,Office Supplies,Notebook,Spiral Notebook,South,Hyderabad,8,24883,0.05,189110.8,166389.24,22721.56
O1927,2025-05-16,C003,Vikram,Technology,Monitor,Dell Monitor,West,Pune,1,15285,0.0,15285.0,14460.97,824.03
O1928,2025-04-21,C018,Anjali,Technology,Mobile,Samsung Mobile,West,Ahmedabad,2,49941,0.2,79905.6,53937.68,25967.92
O1929,2025-12-11,C032,Amit,Office Supplies,Printer Paper,A4 Paper,East,Patna,6,28172,0.1,152128.8,101672.1,50456.7
O1930,2025-11-24,C056,Kiran,Furniture,Desk,Study Desk,East,Kolkata,1,44872,0.1,40384.8,29287.6,11097.2
O1931,2025-07-29,C050,Neha,Technology,Monitor,Samsung Monitor,South,Hyderabad,6,9877,0.15,50372.7,30638.04,19734.66
O1932,2025-04-04,C061,Neha,Office Supplies,Printer Paper,A4 Paper,South,Chennai,3,56616,0.1,152863.2,86755.79,66107.41
O1933,2025-09-13,C081,Neha,Office Supplies,Pen,Cello Pen,South,Hyderabad,9,22213,0.2,159933.6,98501.04,61432.56
O1934,2025-06-20,C077,Ravi,Furniture,Cabinet,File Cabinet,South,Chennai,8,11541,0.2,73862.4,66933.21,6929.19
O1935,2025-01-30,C073,Amit,Office Supplies,Notebook,Classmate Notebook,East,Kolkata,9,22494,0.2,161956.8,108447.09,53509.71
O1936,2025-02-16,C072,Priya,Technology,Monitor,Dell Monitor,North,Jaipur,5,13618,0.2,54472.0,46732.01,7739.99
O1937,2025-05-11,C067,Neha,Furniture,Table,Office Table,South,Hyderabad,5,3248,0.0,16240.0,9279.11,6960.89
O1938,2025-11-12,C040,Rahul,Office Supplies,File,Document File,West,Mumbai,7,33717,0.1,212417.1,131222.49,81194.61
O1939,2025-08-23,C090,Sneha,Technology,Mobile,Samsung Mobile,West,Ahmedabad,3,55687,0.1,150354.9,138987.72,11367.18
O1940,2025-04-14,C068,Neha,Technology,Keyboard,Logitech Keyboard,South,Hyderabad,5,30385,0.1,136732.5,105852.77,30879.73
O1941,2025-07-25,C060,Amit,Office Supplies,File,Document File,East,Bhubaneswar,3,45378,0.0,136134.0,76693.9,59440.1
O1942,2025-11-29,C051,Priya,Furniture,Cabinet,File Cabinet,South,Bangalore,6,23869,0.05,136053.3,98006.98,38046.32
O1943,2025-04-17,C060,Ravi,Office Supplies,Notebook,Spiral Notebook,East,Bhubaneswar,2,47755,0.1,85959.0,71605.07,14353.93
O1944,2025-02-28,C019,Ravi,Furniture,Cabinet,File Cabinet,East,Kolkata,2,18867,0.2,30187.2,27646.84,2540.36
O1945,2025-10-08,C061,Priya,Furniture,Cabinet,Storage Cabinet,East,Kolkata,8,29757,0.1,214250.4,157550.4,56700.0
O1946,2025-06-19,C061,Amit,Furniture,Chair,Executive Chair,South,Hyderabad,4,25954,0.15,88243.6,66867.39,21376.21
O1947,2025-07-07,C057,Neha,Technology,Laptop,HP Laptop,North,Jaipur,4,33459,0.2,107068.8,75656.4,31412.4
O1948,2025-10-12,C048,Kiran,Technology,Mobile,OnePlus Mobile,West,Ahmedabad,9,26480,0.2,190656.0,170287.61,20368.39
O1949,2025-05-18,C066,Amit,Furniture,Desk,Office Desk,North,Lucknow,5,24234,0.1,109053.0,79056.78,29996.22
O1950,2025-09-14,C019,Rahul,Technology,Keyboard,HP Keyboard,West,Ahmedabad,7,1334,0.2,7470.4,4181.6,3288.8
O1951,2025-09-11,C097,Ravi,Furniture,Desk,Office Desk,East,Kolkata,3,56191,0.0,168573.0,108465.29,60107.71
O1952,2025-01-18,C044,Arjun,Technology,Laptop,HP Laptop,South,Bangalore,5,51144,0.15,217362.0,141078.12,76283.88
O1953,2025-12-23,C059,Priya,Furniture,Chair,Office Chair,South,Bangalore,2,20804,0.0,41608.0,26710.98,14897.02
O1954,2025-12-28,C054,Kiran,Technology,Monitor,Dell Monitor,West,Ahmedabad,2,55284,0.05,105039.6,75076.1,29963.5
O1955,2025-03-25,C095,Sneha,Office Supplies,Pen,Cello Pen,West,Ahmedabad,9,10151,0.0,91359.0,65055.47,26303.53
O1956,2025-11-16,C017,Anjali,Furniture,Table,Office Table,West,Ahmedabad,1,47078,0.2,37662.4,34360.92,3301.48
O1957,2025-11-03,C054,Priya,Furniture,Desk,Study Desk,South,Bangalore,2,4123,0.2,6596.8,5249.84,1346.96
O1958,2025-08-23,C037,Priya,Office Supplies,Notebook,Spiral Notebook,South,Chennai,9,26602,0.15,203505.3,136002.82,67502.48
O1959,2025-07-04,C006,Vikram,Furniture,Cabinet,File Cabinet,South,Hyderabad,7,17373,0.05,115530.45,63966.94,51563.51
O1960,2025-10-23,C003,Rahul,Furniture,Table,Computer Table,West,Mumbai,7,15061,0.1,94884.3,80619.69,14264.61
O1961,2025-06-15,C026,Vikram,Furniture,Desk,Study Desk,South,Chennai,4,23655,0.0,94620.0,53735.39,40884.61
O1962,2025-04-11,C062,Rahul,Technology,Keyboard,HP Keyboard,West,Ahmedabad,6,3078,0.1,16621.2,15424.25,1196.95
O1963,2025-12-24,C009,Kiran,Technology,Monitor,Samsung Monitor,West,Mumbai,6,43654,0.15,222635.4,202286.9,20348.5
O1964,2025-07-12,C093,Ravi,Office Supplies,Pen,Parker Pen,West,Ahmedabad,7,35898,0.2,201028.8,149054.4,51974.4
O1965,2025-09-14,C007,Rahul,Technology,Monitor,Samsung Monitor,East,Patna,8,35977,0.1,259034.4,198160.67,60873.73
O1966,2025-12-24,C097,Neha,Technology,Keyboard,Logitech Keyboard,South,Chennai,7,6672,0.1,42033.6,33939.21,8094.39
O1967,2025-06-04,C040,Rahul,Office Supplies,Printer Paper,Premium Paper,East,Patna,3,32948,0.15,84017.4,67498.37,16519.03
O1968,2025-05-07,C077,Amit,Furniture,Cabinet,File Cabinet,West,Mumbai,8,50153,0.0,401224.0,240235.15,160988.85
O1969,2025-08-24,C045,Vikram,Office Supplies,Printer Paper,Premium Paper,West,Pune,6,4108,0.0,24648.0,14987.02,9660.98
O1970,2025-07-27,C066,Neha,Office Supplies,File,Office File,North,Lucknow,7,4861,0.1,30624.3,26967.19,3657.11
O1971,2025-05-08,C093,Kiran,Furniture,Desk,Study Desk,North,Lucknow,4,30528,0.15,103795.2,97854.18,5941.02
O1972,2025-04-25,C053,Arjun,Office Supplies,Notebook,Spiral Notebook,North,Delhi,3,18173,0.2,43615.2,41131.79,2483.41
O1973,2025-12-28,C077,Amit,Office Supplies,Pen,Parker Pen,West,Mumbai,1,18396,0.0,18396.0,15691.56,2704.44
O1974,2025-09-26,C063,Arjun,Office Supplies,Notebook,Classmate Notebook,West,Ahmedabad,8,27267,0.15,185415.6,137786.79,47628.81
O1975,2025-06-27,C041,Priya,Technology,Mobile,Samsung Mobile,West,Mumbai,6,760,0.15,3876.0,3075.35,800.65
O1976,2025-12-28,C011,Rahul,Furniture,Desk,Study Desk,West,Ahmedabad,9,14647,0.0,131823.0,110481.8,21341.2
O1977,2025-03-19,C004,Rahul,Furniture,Cabinet,File Cabinet,West,Mumbai,2,56507,0.1,101712.6,58239.96,43472.64
O1978,2025-05-18,C021,Vikram,Technology,Keyboard,Logitech Keyboard,East,Bhubaneswar,7,54571,0.05,362897.15,316194.23,46702.92
O1979,2025-12-23,C084,Ravi,Furniture,Desk,Office Desk,East,Bhubaneswar,9,53655,0.1,434605.5,309627.24,124978.26
O1980,2025-01-21,C003,Priya,Office Supplies,Pen,Parker Pen,East,Bhubaneswar,3,46669,0.0,140007.0,83123.8,56883.2
O1981,2025-09-28,C033,Kiran,Office Supplies,Pen,Cello Pen,West,Ahmedabad,1,48419,0.05,45998.05,26052.89,19945.16
O1982,2025-02-01,C063,Rahul,Office Supplies,File,Office File,South,Bangalore,6,33628,0.1,181591.2,112635.38,68955.82
O1983,2025-11-20,C052,Sneha,Office Supplies,Pen,Cello Pen,East,Kolkata,9,53433,0.15,408762.45,365445.65,43316.8
O1984,2025-02-18,C016,Rahul,Furniture,Desk,Office Desk,South,Hyderabad,8,40140,0.05,305064.0,226494.85,78569.15
O1985,2025-03-28,C041,Amit,Furniture,Desk,Study Desk,West,Pune,1,50045,0.05,47542.75,39191.89,8350.86
O1986,2025-09-22,C036,Anjali,Furniture,Table,Computer Table,West,Pune,9,1850,0.1,14985.0,9091.97,5893.03
O1987,2025-09-11,C093,Amit,Office Supplies,Notebook,Classmate Notebook,West,Pune,4,37721,0.2,120707.2,87793.74,32913.46
O1988,2025-11-17,C052,Vikram,Furniture,Desk,Study Desk,South,Bangalore,4,173,0.2,553.6,470.17,83.43
O1989,2025-08-16,C066,Vikram,Furniture,Cabinet,Storage Cabinet,South,Bangalore,4,59135,0.05,224713.0,141438.21,83274.79
O1990,2025-06-16,C073,Arjun,Technology,Mobile,OnePlus Mobile,North,Jaipur,1,5841,0.15,4964.85,3287.65,1677.2
O1991,2025-11-20,C025,Vikram,Furniture,Chair,Executive Chair,North,Lucknow,5,21176,0.1,95292.0,89953.75,5338.25
O1992,2025-06-29,C086,Kiran,Technology,Laptop,Lenovo Laptop,North,Delhi,2,39497,0.2,63195.2,46771.96,16423.24
O1993,2025-05-05,C061,Arjun,Office Supplies,Printer Paper,A4 Paper,South,Hyderabad,6,17918,0.05,102132.6,91934.51,10198.09
O1994,2025-11-15,C089,Arjun,Furniture,Table,Computer Table,South,Hyderabad,6,55586,0.1,300164.4,275679.33,24485.07
O1995,2025-02-03,C036,Amit,Furniture,Chair,Executive Chair,East,Patna,8,29462,0.15,200341.6,150220.03,50121.57
O1996,2025-10-24,C081,Neha,Office Supplies,Pen,Cello Pen,West,Mumbai,3,34117,0.0,102351.0,73513.82,28837.18
O1997,2025-01-28,C018,Vikram,Furniture,Desk,Office Desk,West,Pune,3,10688,0.1,28857.6,23020.84,5836.76
O1998,2025-12-07,C088,Anjali,Office Supplies,File,Office File,East,Kolkata,6,1131,0.0,6786.0,5715.21,1070.79
O1999,2025-09-25,C033,Ravi,Office Supplies,File,Document File,South,Bangalore,3,9408,0.2,22579.2,15493.31,7085.89
O2000,2025-08-06,C080,Ravi,Office Supplies,Notebook,Classmate Notebook,South,Chennai,6,5492,0.05,31304.4,21412.32,9892.08
O1101,2025-12-13,C017,Arjun,Office Supplies,File,Document File,South,Chennai,6,8677,0.05,49458.9,36715.06,12743.84
O1251,2025-03-02,C098,Vikram,Office Supplies,Pen,Parker Pen,West,Pune,7,2436,0.0,17052.0,16066.51,985.49
